,is_presale,num_markets,sold_out,popularity_sk,days_to_event,Capacity
0,1,1.0,1.0,0.124282,246,17500
1,1,1.0,0.0,0.363619,254,17500
2,1,1.0,0.0,0.363619,107,17500
3,1,1.0,0.0,0.363619,107,17500
4,0,2.0,0.0,0.08081,119,14000
5,1,2.0,0.0,0.08081,143,14000
6,1,1.0,0.0,0.666628,337,17500
7,1,1.0,0.0,0.48186,261,68500
8,1,1.0,0.0,0.069283,54,17500
9,0,2.0,0.0,0.353977,123,14000
10,1,2.0,0.0,0.353977,162,14000
11,1,1.0,0.0,0.021329,183,7470
12,0,2.0,0.0,0.08081,144,14000
13,1,2.0,0.0,0.08081,185,14000
14,1,2.0,0.0,0.08081,199,14000
15,1,1.0,0.0,0.335149,170,17500
16,0,2.0,0.0,0.480598,126,14000
17,0,2.0,0.0,0.480598,126,14000
18,1,3.0,0.0,0.07695,106,82680
19,1,1.0,0.0,0.021329,169,7470
20,1,1.0,0.0,0.021329,183,7470
21,1,2.0,0.0,0.146425,301,17812
22,1,2.0,0.0,0.042381,107,17812
23,1,1.0,1.0,0.038748000000000005,134,4300
24,1,1.0,0.0,0.021329,120,7470
25,1,4.0,0.0,0.146425,246,19600
26,1,2.0,0.0,0.15529400000000002,178,17812
27,1,2.0,0.0,0.448653,256,17812
28,1,2.0,0.0,0.335149,256,17812
29,0,1.0,0.0,0.0,236,3100
30,1,2.0,0.0,0.085551,217,18500
31,1,2.0,1.0,0.138219,175,17812
32,1,2.0,0.0,0.333328,190,18500
33,1,2.0,0.0,0.15529400000000002,199,18500
34,0,1.0,0.0,0.0,96,3100
35,1,2.0,0.0,0.146425,305,19350
36,0,1.0,0.0,0.0,194,3100
37,1,2.0,0.0,0.220074,182,18500
38,1,1.0,0.0,0.029468,143,2362
39,1,4.0,0.0,0.036959,151,19600
40,1,1.0,0.0,0.100277,63,2362
41,1,4.0,0.0,0.362472,130,19600
42,1,2.0,0.0,0.666628,75,17812
43,1,1.0,1.0,0.029468,157,2362
44,1,4.0,0.0,0.328562,82,19600
45,1,4.0,0.0,0.15529400000000002,99,19600
46,1,2.0,0.0,0.056606,110,17812
47,1,2.0,0.0,0.15529400000000002,104,15000
48,1,1.0,0.0,0.005629,46,4298
49,1,1.0,0.0,0.031595,124,2362
50,1,1.0,0.0,0.031595,158,2362
51,1,1.0,0.0,0.13716099999999998,74,2362
52,1,1.0,1.0,0.02187,201,2362
53,1,2.0,0.0,0.362472,119,18500
54,1,1.0,0.0,0.13717100000000002,136,2362
55,1,4.0,0.0,0.28112800000000004,167,19600
56,1,1.0,0.0,0.48186,274,77500
57,1,4.0,0.0,0.271571,453,19600
58,1,1.0,1.0,0.000252,162,1000
59,0,1.0,0.0,0.031595,102,2362
60,1,2.0,0.0,0.362472,134,19350
61,1,2.0,0.0,0.448653,279,17812
62,1,1.0,0.0,0.217099,84,1300
63,1,1.0,0.0,0.005629,147,4298
64,1,1.0,0.0,0.128789,109,2362
65,1,2.0,0.0,0.15529400000000002,96,19350
66,0,1.0,0.0,0.0,149,3100
67,1,1.0,0.0,0.029631,275,2362
68,1,4.0,0.0,0.271571,274,19600
69,1,2.0,1.0,0.017495,184,18500
70,1,1.0,1.0,0.056694000000000015,211,6800
71,1,2.0,0.0,0.474684,144,19350
72,1,1.0,0.0,0.137454,121,4200
73,0,1.0,0.0,0.137454,95,4200
74,1,2.0,0.0,0.06997,218,18500
75,0,1.0,0.0,0.007731,91,2000
76,1,4.0,0.0,0.279612,62,19600
77,1,1.0,0.0,0.028228,306,2362
78,1,4.0,0.0,0.335149,224,19600
79,1,4.0,0.0,0.216022,83,19600
80,1,2.0,0.0,0.013599000000000002,211,18500
81,1,2.0,0.0,0.06997,224,18500
82,1,1.0,0.0,0.036138,184,4298
83,1,1.0,0.0,0.293527,152,17376
84,1,1.0,0.0,0.170422,81,18150
85,1,1.0,0.0,0.48186,265,92000
86,0,1.0,0.0,0.003867,225,1800
87,0,1.0,0.0,0.0,61,3100
88,1,1.0,0.0,0.086426,181,8300
89,1,1.0,0.0,0.009916,106,10002
90,1,1.0,0.0,0.009916,190,10002
91,1,1.0,0.0,0.333328,196,19945
92,0,1.0,0.0,0.036119,69,4086
93,1,2.0,0.0,0.666628,84,19350
94,0,1.0,0.0,0.0,96,3100
95,1,2.0,0.0,0.220074,210,18500
96,1,2.0,0.0,0.146425,278,21500
97,1,4.0,0.0,0.422184,203,19600
98,1,2.0,0.0,0.153954,69,18500
99,0,1.0,0.0,0.0,135,3100
100,1,1.0,0.0,0.002991,139,15274
101,1,1.0,0.0,0.031595,95,2362
102,0,1.0,0.0,0.015279,78,10002
103,1,1.0,0.0,0.031595,67,2362
104,1,1.0,1.0,0.220074,204,10002
105,1,4.0,1.0,0.087289,247,19600
106,0,1.0,0.0,0.131719,93,4200
107,1,1.0,0.0,0.028057,606,17500
108,1,2.0,0.0,0.02434,182,13390
109,0,1.0,0.0,0.13717100000000002,66,2362
110,1,2.0,1.0,0.187569,176,21500
111,1,1.0,1.0,0.043704,162,15274
112,1,1.0,0.0,0.100277,266,2362
113,1,4.0,0.0,0.362472,186,19600
114,1,1.0,1.0,0.029468,164,2362
115,1,1.0,0.0,0.085677,252,15274
116,1,2.0,1.0,0.087289,252,17812
117,1,1.0,0.0,0.211526,162,15274
118,0,1.0,0.0,0.0,152,3100
119,1,1.0,0.0,0.003716,69,800
120,1,1.0,0.0,0.211526,156,15274
121,1,1.0,0.0,0.021329,182,8300
122,1,1.0,0.0,0.15529400000000002,211,17500
123,1,1.0,0.0,0.474684,174,17500
124,1,1.0,0.0,0.026953,78,10387
125,1,1.0,0.0,0.036138,135,4298
126,1,1.0,0.0,0.128252,156,2400
127,1,2.0,0.0,0.474684,127,19350
128,1,1.0,1.0,0.118864,160,15274
129,1,1.0,1.0,0.118864,161,15274
130,1,2.0,0.0,0.005446,140,12036
131,1,1.0,0.0,0.000252,90,2040
132,1,1.0,0.0,0.165389,567,21371
133,1,1.0,0.0,0.027165,258,2800
134,1,1.0,0.0,0.193969,201,18000
135,1,1.0,0.0,0.040178,88,10002
136,1,1.0,0.0,0.030769,95,800
137,1,1.0,0.0,0.031595,102,2362
138,1,1.0,0.0,0.031516,74,1000
139,1,1.0,0.0,0.068719,268,17500
140,1,2.0,0.0,0.335149,98,21500
141,0,1.0,0.0,0.021057,114,10500
142,1,1.0,1.0,0.118864,153,15274
143,1,1.0,0.0,0.146425,334,19945
144,1,1.0,0.0,0.07968,212,10002
145,1,1.0,0.0,0.404712,225,17500
146,1,1.0,0.0,0.06997,267,17500
147,1,2.0,0.0,0.17466199999999998,155,13390
148,1,1.0,0.0,0.362472,226,17500
149,1,1.0,0.0,0.0,75,2362
150,1,2.0,0.0,0.216022,409,19350
151,0,1.0,0.0,3.6e-05,113,10045
152,0,1.0,0.0,0.0,236,3100
153,0,1.0,0.0,0.029881,119,1300
154,1,1.0,0.0,0.666628,100,19945
155,1,2.0,0.0,0.06997,85,18500
156,1,1.0,1.0,0.118864,154,15274
157,1,1.0,0.0,0.035998,162,2400
158,1,2.0,0.0,0.043005,156,19350
159,1,4.0,0.0,0.216022,419,19600
160,1,4.0,0.0,0.328562,186,19600
161,1,2.0,0.0,0.163117,279,19350
162,0,1.0,0.0,0.023056,121,2362
163,1,1.0,1.0,0.422184,218,18150
164,1,2.0,0.0,0.216022,264,19000
165,1,2.0,0.0,0.128789,68,12036
166,1,1.0,0.0,0.328562,271,17500
167,1,1.0,0.0,0.353977,135,2400
168,1,1.0,0.0,0.198772,165,15274
169,0,1.0,0.0,0.0,152,3100
170,1,1.0,0.0,0.328562,125,17500
171,1,1.0,0.0,0.000104,190,2400
172,1,4.0,0.0,0.216022,332,19600
173,1,1.0,0.0,0.028863,63,11000
174,1,1.0,0.0,0.06997,240,18150
175,1,1.0,0.0,0.005629,147,4298
176,1,1.0,0.0,0.057033000000000014,282,20000
177,1,1.0,0.0,0.128789,151,2362
178,1,1.0,0.0,0.266251,197,18150
179,0,1.0,0.0,0.023056,124,2362
180,1,1.0,0.0,0.067656,203,18000
181,1,3.0,0.0,0.043005,168,18249
182,1,1.0,0.0,0.328562,243,17500
183,1,1.0,0.0,0.01127,134,2362
184,1,1.0,0.0,0.251246,159,15274
185,1,1.0,0.0,0.037792,106,2362
186,1,1.0,0.0,0.023056,130,2362
187,1,1.0,1.0,0.100391,123,2400
188,1,1.0,0.0,0.038748000000000005,149,2362
189,1,1.0,0.0,0.004316,112,800
190,0,3.0,0.0,0.083231,645,18249
191,1,3.0,0.0,0.390898,96,18249
192,1,1.0,0.0,0.005273,148,2362
193,0,1.0,0.0,0.005273,85,2362
194,1,1.0,0.0,0.22569,72,15274
195,1,1.0,0.0,0.22569,72,15274
196,1,1.0,0.0,0.029878,106,1300
197,1,3.0,0.0,0.259522,130,18249
198,1,1.0,0.0,0.259153,133,16486
199,1,2.0,0.0,0.474684,133,19350
200,1,1.0,0.0,0.175406,174,15274
201,1,1.0,0.0,0.480279,155,15274
202,1,1.0,0.0,0.030548,144,2703
203,1,1.0,0.0,0.030548,144,1014
204,1,1.0,0.0,0.17466199999999998,126,15357
205,1,1.0,1.0,0.001017,142,16800
206,1,1.0,0.0,0.193198,276,18000
207,1,1.0,1.0,0.001017,142,16800
208,1,1.0,0.0,0.100277,84,2362
209,0,1.0,0.0,0.021657,122,2362
210,1,1.0,0.0,0.068209,97,2400
211,1,1.0,0.0,0.187508,177,16486
212,0,1.0,1.0,0.074883,203,10002
213,1,1.0,0.0,0.104524,90,17500
214,0,1.0,0.0,0.021952,78,8400
215,1,1.0,0.0,0.100277,77,2362
216,1,1.0,0.0,0.128118,153,18000
217,1,1.0,1.0,0.100277,140,2362
218,1,1.0,0.0,0.01599,144,7286
219,1,1.0,0.0,0.0112,141,2362
220,1,1.0,0.0,0.094127,106,5500
221,1,1.0,0.0,0.029468,94,2362
222,1,1.0,0.0,0.057033000000000014,299,20000
223,0,1.0,0.0,1e-06,121,70000
224,1,1.0,0.0,0.666628,79,21371
225,0,1.0,0.0,0.0,61,3100
226,1,1.0,0.0,0.084089,79,2000
227,1,1.0,0.0,0.381436,211,17500
228,1,1.0,0.0,0.000529,114,17500
229,1,1.0,0.0,0.06997,205,17500
230,0,1.0,0.0,0.091622,73,8400
231,1,1.0,0.0,0.034324,69,2400
232,0,1.0,0.0,0.006767,134,1300
233,1,1.0,0.0,0.029468,80,2362
234,1,1.0,0.0,0.029498000000000007,139,21000
235,1,1.0,0.0,0.165389,573,20500
236,1,3.0,0.0,0.083231,260,18249
237,1,1.0,0.0,0.029468,227,2362
238,1,1.0,0.0,0.69391,112,18000
239,1,1.0,0.0,0.029468,87,2362
240,1,1.0,0.0,0.09816,135,2000
241,1,1.0,0.0,0.09816,136,2000
242,1,1.0,0.0,0.381436,169,17500
243,1,1.0,0.0,0.091308,253,15357
244,1,1.0,0.0,0.297606,152,2400
245,1,1.0,0.0,0.153793,153,10002
246,1,1.0,1.0,0.031595,179,2362
247,1,1.0,0.0,0.031595,53,2362
248,1,2.0,0.0,0.335149,252,21500
249,1,1.0,0.0,0.122609,92,2400
250,1,1.0,0.0,0.081481,211,17500
251,1,1.0,0.0,0.260854,451,19945
252,1,1.0,0.0,0.15529400000000002,97,19945
253,1,2.0,0.0,0.246509,247,21500
254,1,1.0,0.0,0.689942,123,15274
255,1,2.0,0.0,0.381436,89,15000
256,1,1.0,0.0,0.012136,128,1225
257,1,1.0,0.0,0.012136,128,582
258,1,1.0,0.0,0.17466199999999998,208,2400
259,1,1.0,0.0,0.036138,135,4298
260,0,1.0,0.0,0.017072,152,2362
261,0,1.0,0.0,0.008056,28,7000
262,1,1.0,0.0,0.06997,204,17500
263,1,1.0,0.0,0.024112,189,19319
264,1,1.0,0.0,0.187508,128,16486
265,0,2.0,0.0,0.082332,96,1400
266,1,1.0,0.0,0.128789,158,2362
267,1,1.0,1.0,0.128789,193,2362
268,0,1.0,0.0,0.193969,194,18000
269,1,1.0,0.0,0.083093,231,16486
270,0,1.0,0.0,0.69391,112,18000
271,1,2.0,0.0,0.422184,231,19350
272,1,2.0,0.0,0.362472,92,19350
273,0,1.0,0.0,0.0236,176,5000
274,1,1.0,0.0,0.031595,137,2362
275,1,1.0,0.0,0.036138,191,4298
276,1,3.0,0.0,0.666628,85,18249
277,1,1.0,0.0,0.246509,245,21371
278,1,1.0,0.0,0.099772,163,2400
279,0,1.0,0.0,0.031595,102,2362
280,1,1.0,0.0,0.036138,188,4298
281,1,1.0,0.0,0.067248,61,2000
282,0,1.0,1.0,0.69391,126,18000
283,1,1.0,0.0,0.474684,227,16486
284,1,1.0,0.0,0.07968,121,17500
285,0,1.0,0.0,0.004712,92,2400
286,0,1.0,0.0,0.01248,122,1300
287,1,4.0,1.0,0.065107,262,20000
288,0,1.0,0.0,0.031595,102,2362
289,1,1.0,0.0,0.036138,177,4298
290,1,1.0,0.0,0.335149,253,16486
291,0,1.0,0.0,0.021057,114,10500
292,0,1.0,0.0,0.031595,102,2362
293,1,1.0,0.0,0.239495,90,6800
294,1,1.0,0.0,0.081481,134,17500
295,1,2.0,0.0,0.279612,73,21500
296,0,1.0,0.0,0.0,236,3100
297,1,1.0,0.0,0.003716,69,800
298,1,1.0,0.0,0.036138,181,4298
299,1,1.0,0.0,0.01302,231,17500
300,1,1.0,0.0,0.094944,165,2000
301,1,1.0,0.0,0.216022,413,19945
302,1,3.0,0.0,0.007362,133,18249
303,1,1.0,0.0,0.422184,109,21371
304,0,1.0,0.0,0.00015800000000000002,235,1225
305,0,1.0,0.0,0.00015800000000000002,235,582
306,1,1.0,0.0,0.017464,98,1300
307,1,1.0,0.0,0.019535,182,2400
308,1,1.0,0.0,0.036138,176,4298
309,0,1.0,1.0,0.128789,170,1500
310,0,1.0,1.0,0.128789,170,2600
311,0,1.0,1.0,0.128789,170,1697
312,1,1.0,0.0,0.022702,261,16486
313,1,1.0,0.0,0.024342,166,2000
314,1,1.0,0.0,0.220074,267,17376
315,0,1.0,0.0,0.003624,186,690
316,1,1.0,0.0,0.217099,182,1300
317,1,1.0,0.0,0.100277,49,2362
318,0,1.0,0.0,0.003867,155,1800
319,1,1.0,0.0,0.117412,126,3500
320,1,2.0,0.0,0.024374,163,21500
321,0,1.0,0.0,0.00023,159,1300
322,1,1.0,1.0,0.003874,199,2400
323,1,1.0,1.0,0.003874,199,2400
324,1,1.0,0.0,0.0004440000000000001,266,2712
325,1,1.0,0.0,0.114818,181,3500
326,1,1.0,0.0,0.353977,107,2400
327,1,3.0,0.0,0.146425,284,18249
328,1,1.0,1.0,0.128789,193,2362
329,1,3.0,0.0,0.279612,71,18249
330,1,1.0,0.0,0.031595,81,2362
331,1,1.0,0.0,0.005629,178,4298
332,0,1.0,0.0,0.012353,92,1000
333,0,1.0,0.0,0.001759,130,690
334,1,1.0,1.0,0.067656,133,18000
335,1,1.0,0.0,0.005629,178,4298
336,0,1.0,0.0,0.128789,67,2362
337,0,1.0,0.0,0.0,212,3100
338,1,1.0,0.0,0.0,654,20000
339,1,1.0,0.0,0.031595,74,2362
340,1,1.0,0.0,0.239495,140,11000
341,1,1.0,0.0,0.005629,178,4298
342,1,3.0,0.0,0.114818,98,14800
343,1,1.0,0.0,0.009406,126,19945
344,1,1.0,0.0,0.005633,102,18000
345,1,1.0,0.0,0.02187,96,2362
346,1,1.0,0.0,0.128789,130,2362
347,1,1.0,0.0,0.005629,173,4298
348,1,1.0,0.0,0.153793,48,16486
349,1,1.0,0.0,0.047095,72,2362
350,1,2.0,0.0,0.333328,173,22000
351,1,1.0,0.0,0.029631,240,2362
352,1,1.0,0.0,0.128789,123,2362
353,1,3.0,0.0,0.448653,203,18249
354,1,1.0,1.0,0.003927,145,7286
355,1,3.0,1.0,0.666628,161,18249
356,1,3.0,0.0,0.042275,221,18249
357,1,1.0,0.0,0.005629,144,4298
358,1,1.0,0.0,0.036138,51,4298
359,1,1.0,0.0,0.0,215,2362
360,1,1.0,0.0,0.098488,225,1300
361,1,1.0,0.0,0.005629,173,4298
362,1,1.0,0.0,0.005629,173,4298
363,1,2.0,0.0,0.216022,432,19000
364,1,1.0,0.0,0.005629,74,4298
365,1,1.0,0.0,0.333328,175,22000
366,1,1.0,0.0,0.128789,151,2362
367,1,2.0,0.0,0.333328,181,19000
368,1,1.0,0.0,0.104565,193,18000
369,1,1.0,0.0,0.031595,221,2362
370,1,1.0,0.0,0.0,762,20000
371,1,4.0,0.0,0.056606,161,19600
372,1,1.0,0.0,0.019309,151,2176
373,1,1.0,0.0,0.096055,129,19319
374,0,1.0,0.0,0.003624,159,690
375,1,1.0,0.0,0.015376,203,17500
376,1,2.0,0.0,0.016652,121,960
377,1,1.0,0.0,0.335149,242,19945
378,1,2.0,0.0,0.128789,75,12036
379,1,1.0,0.0,0.024112,280,19319
380,1,3.0,0.0,0.002231,141,69004
381,1,1.0,0.0,0.043005,161,17500
382,1,1.0,0.0,0.136981,61,1300
383,1,1.0,0.0,0.013744,327,800
384,1,1.0,0.0,0.091308,302,16486
385,1,1.0,0.0,0.293527,54,17376
386,1,1.0,0.0,0.031595,123,2362
387,1,1.0,0.0,0.01599,88,7286
388,1,1.0,0.0,8e-06,115,1300
389,1,1.0,0.0,0.043005,97,5500
390,1,2.0,0.0,0.001155,244,12036
391,1,1.0,0.0,0.033865,95,2362
392,1,1.0,0.0,0.031595,144,2362
393,1,1.0,0.0,0.122609,92,2400
394,1,2.0,0.0,0.666628,78,21500
395,1,1.0,0.0,0.193198,269,20500
396,1,1.0,0.0,0.041552,232,2700
397,1,1.0,0.0,0.041552,232,1364
398,1,1.0,0.0,0.041552,232,1364
399,1,1.0,0.0,0.041552,232,1364
400,1,1.0,0.0,0.041552,232,1700
401,1,1.0,0.0,0.041552,232,2203
402,1,1.0,0.0,0.041552,232,1364
403,1,1.0,0.0,0.041552,232,2000
404,1,1.0,0.0,0.041552,232,2203
405,1,1.0,0.0,0.041552,232,2000
406,1,1.0,0.0,0.041552,232,2400
407,1,1.0,0.0,0.041552,232,2579
408,1,1.0,0.0,0.041552,232,2579
409,1,1.0,0.0,0.041552,232,1700
410,1,1.0,0.0,0.041552,232,2700
411,1,1.0,0.0,0.041552,232,2400
412,1,1.0,0.0,0.033849000000000004,135,19319
413,0,2.0,0.0,0.011067,51,960
414,1,1.0,0.0,0.146425,193,17500
415,0,1.0,0.0,8e-06,66,1300
416,0,1.0,0.0,0.193969,194,18000
417,1,1.0,0.0,0.193969,194,18000
418,0,2.0,1.0,0.030996,154,960
419,1,1.0,1.0,0.031595,172,2362
420,1,1.0,0.0,0.003716,118,800
421,1,1.0,0.0,0.293527,61,17376
422,1,1.0,0.0,0.212984,231,8300
423,1,2.0,0.0,0.363619,82,21500
424,1,1.0,0.0,0.080188,176,17500
425,0,1.0,0.0,0.0,191,3100
426,1,4.0,0.0,0.165389,591,20000
427,0,1.0,0.0,0.030769,172,800
428,1,1.0,0.0,0.003716,139,800
429,1,1.0,0.0,0.003716,153,800
430,1,1.0,0.0,0.237156,117,11000
431,1,1.0,1.0,0.100277,147,2362
432,0,1.0,0.0,0.001131,93,1000
433,1,2.0,0.0,0.666628,111,22000
434,1,1.0,0.0,0.279612,96,17500
435,1,1.0,0.0,0.170462,272,20500
436,1,1.0,0.0,0.003079,144,17376
437,1,1.0,0.0,0.190899,187,16000
438,1,2.0,0.0,0.06997,154,18500
439,1,1.0,0.0,0.056606,199,16486
440,1,1.0,0.0,0.056606,241,16486
441,1,2.0,0.0,0.031363,280,15000
442,1,1.0,1.0,0.009916,246,10002
443,1,1.0,0.0,9.3e-05,148,1300
444,1,1.0,0.0,0.279612,70,19945
445,1,1.0,0.0,0.024374,156,18000
446,1,1.0,1.0,0.031595,179,2362
447,0,1.0,0.0,0.059374,112,1300
448,1,1.0,0.0,0.043797,39,2362
449,1,1.0,0.0,0.005838,139,20500
450,1,1.0,0.0,0.027165,251,2800
451,0,1.0,0.0,0.038918,141,3100
452,1,1.0,0.0,0.056606,234,16486
453,0,1.0,0.0,0.0017280000000000002,222,690
454,0,1.0,0.0,0.21197600000000005,225,3500
455,1,1.0,0.0,0.15529400000000002,206,18150
456,1,1.0,0.0,0.138536,161,7286
457,1,2.0,0.0,0.128789,68,12036
458,1,1.0,1.0,0.13716099999999998,172,2362
459,0,1.0,0.0,0.030769,431,800
460,0,2.0,0.0,0.021977,58,960
461,1,1.0,0.0,0.0,40,2362
462,1,1.0,0.0,0.005784,362,800
463,1,1.0,0.0,0.21197600000000005,170,3500
464,1,1.0,1.0,0.031595,179,2362
465,0,1.0,0.0,0.0,331,3100
466,1,1.0,1.0,0.031595,179,2362
467,1,1.0,1.0,0.031595,179,2362
468,1,1.0,0.0,0.297606,124,2400
469,1,1.0,0.0,0.297606,124,2400
470,1,1.0,0.0,0.027165,293,2800
471,1,1.0,0.0,0.060525,120,4500
472,0,1.0,0.0,0.038918,148,3100
473,1,1.0,0.0,0.102672,351,14000
474,1,4.0,0.0,0.036959,347,19600
475,1,1.0,0.0,0.031633999999999995,271,17500
476,0,1.0,0.0,9.3e-05,260,1300
477,1,1.0,0.0,0.303414,82,3500
478,0,1.0,0.0,0.003881,191,1300
479,1,1.0,0.0,0.031595,158,2362
480,0,1.0,0.0,0.003716,76,800
481,1,1.0,0.0,0.073358,75,17500
482,1,1.0,0.0,0.666628,125,16182
483,1,3.0,0.0,0.013599000000000002,181,11700
484,1,1.0,0.0,0.143087,120,10600
485,1,1.0,0.0,0.027165,62,2800
486,1,1.0,0.0,0.114818,118,10045
487,1,1.0,1.0,0.000543,185,1870
488,1,1.0,1.0,0.000543,185,2181
489,1,1.0,0.0,0.005629,40,4298
490,0,1.0,1.0,0.69391,140,18000
491,1,1.0,0.0,0.030769,39,800
492,1,2.0,1.0,0.246509,176,21500
493,1,1.0,0.0,0.034324,111,2400
494,1,2.0,0.0,0.15529400000000002,274,22000
495,1,1.0,0.0,0.005629,101,4298
496,1,1.0,0.0,0.003734,151,4086
497,1,1.0,0.0,0.194417,146,17376
498,1,1.0,0.0,0.254624,40,10387
499,1,1.0,0.0,0.003079,264,17376
500,1,1.0,0.0,0.69391,126,18000
501,0,1.0,1.0,0.011972,175,1000
502,1,1.0,1.0,0.087289,249,19945
503,0,1.0,0.0,0.003624,186,690
504,1,1.0,0.0,0.08140399999999999,76,21000
505,1,1.0,0.0,0.146425,336,14536
506,1,2.0,0.0,0.216022,124,19000
507,1,1.0,1.0,0.017072,166,2362
508,1,1.0,0.0,0.011132,155,1800
509,1,1.0,0.0,0.293527,54,17376
510,0,1.0,0.0,0.003716,76,800
511,1,1.0,0.0,0.15529400000000002,162,18150
512,1,2.0,0.0,0.328562,115,15000
513,1,1.0,0.0,0.027165,174,2800
514,1,1.0,0.0,0.01889,109,2300
515,1,1.0,0.0,0.009945,78,5500
516,1,1.0,0.0,0.030769,138,800
517,0,1.0,0.0,0.05104,145,2400
518,1,1.0,0.0,0.025308,85,12508
519,1,1.0,0.0,0.003716,97,800
520,1,1.0,0.0,0.026575,158,800
521,1,2.0,0.0,0.220074,175,19000
522,1,1.0,0.0,0.15529400000000002,149,18325
523,0,1.0,0.0,0.15529400000000002,149,18325
524,1,1.0,0.0,0.020224,92,2703
525,1,1.0,0.0,0.020224,92,1014
526,1,1.0,0.0,0.113797,141,10045
527,1,1.0,0.0,0.003716,62,800
528,1,1.0,0.0,0.023125,270,3877
529,1,4.0,0.0,0.05876,92,20000
530,1,4.0,0.0,0.328562,88,20000
531,1,1.0,0.0,0.01121,169,800
532,1,1.0,0.0,0.067656,274,17500
533,1,1.0,0.0,0.328562,250,17500
534,1,1.0,0.0,0.003716,146,800
535,1,1.0,0.0,0.012315,207,17376
536,1,4.0,0.0,0.043678,108,12000
537,0,1.0,0.0,9.3e-05,98,1300
538,1,2.0,1.0,0.074883,240,21500
539,1,1.0,0.0,0.001124,70,800
540,1,1.0,0.0,0.027165,62,2800
541,1,1.0,0.0,0.053489,133,4100
542,1,1.0,0.0,0.030769,109,800
543,0,1.0,1.0,0.0062640000000000005,183,3100
544,1,2.0,0.0,0.187569,134,21500
545,1,1.0,0.0,0.005629,136,4298
546,1,1.0,0.0,0.666628,99,21001
547,1,1.0,0.0,0.363619,106,18325
548,0,1.0,0.0,0.363619,106,18325
549,1,1.0,0.0,0.040178,109,10002
550,1,1.0,0.0,0.100311,209,2362
551,1,4.0,0.0,0.043678,108,12000
552,1,1.0,0.0,0.005629,229,4298
553,1,1.0,0.0,0.003716,118,800
554,1,1.0,0.0,0.037538,134,2712
555,1,1.0,1.0,0.190899,162,18000
556,0,1.0,0.0,0.040178,169,10002
557,1,1.0,0.0,0.141056,97,11000
558,1,1.0,0.0,0.366234,119,5000
559,0,1.0,0.0,0.000209,60,690
560,1,1.0,0.0,0.005629,199,4298
561,1,1.0,0.0,0.030769,137,800
562,1,1.0,0.0,0.021545,92,1800
563,1,1.0,0.0,0.003881,150,800
564,1,1.0,0.0,0.126668,197,2700
565,1,1.0,0.0,0.126668,197,1364
566,1,1.0,0.0,0.126668,197,1364
567,1,1.0,0.0,0.126668,197,1700
568,1,1.0,0.0,0.126668,197,2000
569,1,1.0,0.0,0.126668,197,2579
570,1,1.0,0.0,0.126668,197,2203
571,1,1.0,0.0,0.126668,197,2400
572,1,1.0,0.0,0.003716,55,800
573,1,2.0,0.0,0.381436,108,21500
574,1,1.0,0.0,0.07968,167,16486
575,1,1.0,0.0,0.474366,204,21001
576,1,1.0,0.0,0.020099,206,2300
577,0,1.0,0.0,5.5e-05,88,690
578,1,1.0,1.0,0.027165,181,2800
579,1,1.0,0.0,0.074883,98,10002
580,1,1.0,0.0,0.239495,74,4100
581,1,1.0,1.0,0.266251,169,21001
582,1,1.0,0.0,0.153793,55,16486
583,1,1.0,0.0,0.17466199999999998,251,4500
584,0,1.0,0.0,0.067248,83,1300
585,0,1.0,0.0,0.008887,190,1000
586,1,1.0,0.0,0.163117,184,21001
587,1,1.0,0.0,0.404712,137,18150
588,1,1.0,0.0,0.005629,136,4298
589,1,1.0,0.0,0.01121,99,800
590,1,1.0,0.0,0.030548,242,1014
591,1,1.0,0.0,0.030548,242,2703
592,1,1.0,1.0,0.030548,193,2703
593,1,1.0,1.0,0.030548,193,1014
594,1,1.0,0.0,0.027165,104,2800
595,0,1.0,0.0,0.001131,53,1000
596,0,2.0,0.0,0.146425,712,21500
597,1,1.0,0.0,0.017464,140,1300
598,1,1.0,0.0,0.017464,147,1300
599,1,1.0,0.0,0.042679,193,7400
600,0,1.0,0.0,0.14064200000000002,138,2800
601,0,2.0,0.0,9.1e-05,393,19000
602,1,1.0,0.0,0.216022,426,17500
603,1,1.0,1.0,0.117877,176,20500
604,1,1.0,0.0,0.0005650000000000001,235,2040
605,1,1.0,0.0,0.024112,168,19319
606,0,1.0,0.0,0.067248,66,1300
607,0,1.0,0.0,0.067248,122,1300
608,1,1.0,0.0,0.028863,126,11000
609,0,1.0,0.0,0.008235,134,1870
610,0,1.0,0.0,0.008235,134,2181
611,1,1.0,0.0,0.15529400000000002,182,16486
612,1,1.0,0.0,0.024374,105,10500
613,1,1.0,0.0,0.005629,199,4298
614,1,1.0,0.0,0.22569,74,20500
615,1,1.0,0.0,1e-06,274,20500
616,0,1.0,0.0,0.064327,176,800
617,1,1.0,0.0,0.025002,168,800
618,1,2.0,1.0,0.02434,210,13390
619,0,1.0,0.0,0.097797,341,2040
620,1,1.0,0.0,0.005629,229,4298
621,1,1.0,0.0,0.251556,50,19319
622,1,1.0,0.0,0.043678,218,17500
623,1,1.0,0.0,0.099582,172,2800
624,1,1.0,0.0,0.689942,129,20500
625,1,1.0,1.0,0.08152899999999999,188,2800
626,1,1.0,0.0,0.008235,120,1870
627,1,1.0,0.0,0.008235,120,2181
628,1,1.0,0.0,0.0,615,7400
629,1,1.0,0.0,0.21197600000000005,161,4500
630,1,1.0,0.0,0.021965,343,1870
631,1,1.0,0.0,0.021965,343,2181
632,1,1.0,0.0,0.037538,52,2712
633,1,1.0,0.0,0.037538,52,2712
634,1,1.0,0.0,0.037538,52,2712
635,1,2.0,0.0,0.279999,178,21000
636,1,1.0,0.0,0.190899,136,11000
637,1,1.0,0.0,0.005629,229,4298
638,1,1.0,0.0,0.018227,194,17500
639,1,1.0,1.0,0.008489,189,18150
640,1,1.0,0.0,0.0257,126,6800
641,1,1.0,0.0,0.15529400000000002,181,21371
642,1,1.0,0.0,0.016212,166,2712
643,0,1.0,0.0,0.0017280000000000002,249,690
644,1,3.0,1.0,0.114818,182,14800
645,1,1.0,0.0,0.023548,236,7000
646,1,1.0,0.0,0.190899,132,7286
647,1,4.0,0.0,0.153793,131,12000
648,1,1.0,0.0,0.279612,77,17500
649,1,1.0,0.0,0.027029,91,2712
650,1,1.0,0.0,0.474684,311,21001
651,1,2.0,0.0,0.335149,244,19000
652,1,1.0,0.0,0.148783,139,7000
653,1,1.0,0.0,0.005629,199,4298
654,1,1.0,0.0,0.12858499999999998,151,1870
655,1,1.0,0.0,0.12858499999999998,151,2181
656,1,1.0,0.0,0.001058,82,4249
657,1,1.0,0.0,0.17466199999999998,100,7286
658,1,1.0,0.0,0.216022,77,19945
659,0,1.0,0.0,0.0236,183,4100
660,1,1.0,1.0,0.011132,239,1800
661,1,1.0,0.0,0.043678,162,17500
662,1,1.0,0.0,0.227244,126,7000
663,1,1.0,0.0,0.023258,207,3500
664,0,1.0,0.0,0.0024920000000000003,134,1800
665,1,1.0,0.0,0.474684,190,17500
666,1,1.0,0.0,0.032737,100,1300
667,1,1.0,0.0,0.091308,273,17500
668,1,1.0,0.0,0.474684,155,17500
669,1,3.0,0.0,0.146425,248,18249
670,1,1.0,0.0,0.023548,145,7000
671,0,1.0,0.0,0.000209,33,690
672,1,1.0,0.0,0.023258,74,3500
673,0,1.0,0.0,0.011972,221,1000
674,0,1.0,0.0,0.036543,116,1300
675,1,2.0,0.0,0.190899,123,21000
676,1,1.0,0.0,0.003734,148,2181
677,1,1.0,0.0,0.003734,148,1870
678,0,1.0,0.0,0.002298,568,18325
679,0,1.0,0.0,0.0017280000000000002,249,690
680,1,1.0,0.0,0.328562,278,17500
681,1,4.0,0.0,0.28112800000000004,182,12000
682,1,1.0,0.0,0.026004000000000003,155,14536
683,1,2.0,0.0,0.69391,135,21000
684,1,1.0,0.0,0.170464,335,23000
685,1,1.0,0.0,0.122609,148,2400
686,1,1.0,0.0,0.003079,144,17376
687,1,1.0,0.0,0.026004000000000003,372,14536
688,1,1.0,0.0,0.15529400000000002,164,17376
689,0,1.0,0.0,0.000252,104,2040
690,0,1.0,0.0,0.000252,100,2040
691,1,1.0,0.0,0.003065,167,4298
692,1,4.0,0.0,0.081804,163,12000
693,1,1.0,0.0,0.128252,155,4100
694,1,1.0,0.0,0.080188,36,17500
695,1,2.0,0.0,0.666628,103,21000
696,1,1.0,0.0,0.024374,161,10500
697,1,1.0,1.0,0.021657,199,2362
698,1,1.0,0.0,0.000127,104,17376
699,1,2.0,0.0,0.030964,135,960
700,1,1.0,1.0,0.163117,155,21001
701,1,1.0,0.0,0.038575,116,2712
702,1,4.0,0.0,0.081194,169,12000
703,1,1.0,0.0,0.0008939999999999998,133,2703
704,1,1.0,0.0,0.0008939999999999998,133,1014
705,1,1.0,0.0,0.0008939999999999998,134,1014
706,1,1.0,0.0,0.0008939999999999998,134,2703
707,1,1.0,1.0,0.021657,199,2362
708,1,1.0,0.0,0.031595,221,2362
709,1,1.0,0.0,0.239495,140,11000
710,1,1.0,0.0,0.163117,291,21001
711,0,2.0,0.0,0.024342,135,1870
712,0,2.0,0.0,0.024342,135,2181
713,1,1.0,0.0,0.163117,380,21001
714,1,1.0,0.0,0.165202,121,1364
715,1,1.0,0.0,0.165202,121,2700
716,1,1.0,0.0,0.165202,121,2579
717,1,1.0,0.0,0.165202,121,2400
718,1,1.0,0.0,0.165202,121,2203
719,1,1.0,0.0,0.165202,121,2000
720,1,1.0,1.0,0.01983,170,1014
721,1,1.0,0.0,0.165202,121,1364
722,1,1.0,1.0,0.01983,170,2703
723,1,1.0,0.0,0.165202,121,1700
724,1,1.0,0.0,0.080188,183,17500
725,1,1.0,1.0,0.021657,199,2362
726,1,1.0,0.0,0.043005,104,5500
727,1,1.0,0.0,0.146425,297,21001
728,1,1.0,0.0,0.030548,144,1014
729,1,1.0,0.0,0.030548,144,2703
730,1,1.0,0.0,0.190899,139,8500
731,1,1.0,0.0,0.320495,167,4298
732,1,1.0,0.0,1e-06,954,18325
733,1,1.0,0.0,0.08140399999999999,71,8500
734,1,1.0,0.0,0.165389,582,16000
735,1,1.0,0.0,0.031595,116,2362
736,1,1.0,0.0,0.083093,133,16486
737,0,1.0,0.0,0.031595,74,2362
738,1,1.0,0.0,0.328562,145,17500
739,1,1.0,0.0,0.666628,73,22000
740,1,1.0,0.0,0.008235,78,1870
741,1,1.0,0.0,0.008235,78,2181
742,1,3.0,0.0,0.021565,126,500
743,1,1.0,1.0,0.117329,202,5000
744,1,4.0,1.0,0.065107,262,20000
745,1,3.0,0.0,0.193198,219,19000
746,1,1.0,0.0,0.15529400000000002,120,22000
747,1,1.0,0.0,0.027029,252,2712
748,1,1.0,1.0,0.003927,148,17500
749,1,1.0,0.0,0.022047,100,800
750,1,1.0,0.0,0.113797,260,10045
751,1,1.0,1.0,0.122299,193,17500
752,1,1.0,0.0,0.008489,238,18150
753,1,1.0,0.0,0.059635,274,2712
754,0,1.0,0.0,0.024342,144,2300
755,1,1.0,0.0,0.005838,174,20500
756,1,1.0,0.0,0.06416799999999999,110,2100
757,0,1.0,0.0,0.006464,51,7000
758,1,1.0,0.0,0.031832,141,2362
759,1,2.0,0.0,0.381436,383,15000
760,1,4.0,0.0,0.081804,177,12000
761,1,1.0,0.0,0.030465,145,17500
762,1,1.0,0.0,0.328562,87,21371
763,1,1.0,0.0,0.328562,87,21371
764,1,4.0,0.0,0.081194,183,12000
765,1,2.0,0.0,0.15529400000000002,155,19000
766,1,1.0,0.0,0.138297,176,16486
767,1,1.0,0.0,0.279612,84,19945
768,1,1.0,0.0,0.020099,141,4500
769,1,1.0,0.0,0.404712,174,21001
770,1,1.0,0.0,0.251556,253,19319
771,1,1.0,1.0,0.251556,141,19319
772,1,1.0,0.0,0.362472,100,17500
773,0,1.0,0.0,0.013416999999999998,86,2000
774,1,1.0,0.0,0.034324,118,2400
775,1,1.0,0.0,0.020099,115,2300
776,1,1.0,0.0,0.335149,264,17500
777,1,4.0,0.0,0.091308,126,20000
778,1,1.0,0.0,0.15529400000000002,116,14536
779,1,4.0,0.0,0.216022,411,20000
780,1,1.0,1.0,0.008489,195,18150
781,0,1.0,0.0,5e-06,94,2362
782,0,1.0,0.0,5e-06,94,2362
783,1,1.0,1.0,0.023548,173,7000
784,1,1.0,0.0,0.008489,147,18150
785,1,4.0,0.0,0.081194,197,12000
786,1,2.0,0.0,0.335149,354,21500
787,1,2.0,1.0,0.003927,151,19000
788,1,2.0,0.0,0.127948,168,1870
789,1,2.0,0.0,0.127948,168,2181
790,1,1.0,0.0,0.100306,85,2362
791,1,1.0,0.0,0.404712,118,21001
792,0,2.0,0.0,0.010014,99,1870
793,0,2.0,0.0,0.010014,99,2181
794,1,1.0,0.0,0.019413,43,4500
795,1,1.0,0.0,0.062421,162,4500
796,0,1.0,0.0,0.062421,162,4500
797,1,1.0,1.0,0.014913,240,800
798,0,1.0,0.0,5e-06,94,2362
799,1,1.0,0.0,0.07968,190,18150
800,1,1.0,0.0,0.000383,117,2176
801,1,1.0,0.0,0.335149,230,22000
802,1,1.0,0.0,0.005629,33,4298
803,1,1.0,0.0,0.038748000000000005,98,1500
804,1,1.0,0.0,0.038748000000000005,98,2600
805,1,1.0,0.0,0.038748000000000005,98,1697
806,0,1.0,0.0,5e-06,94,2362
807,1,1.0,0.0,0.0008939999999999998,135,2703
808,1,1.0,0.0,0.0008939999999999998,135,1014
809,1,1.0,0.0,0.335149,355,16486
810,1,1.0,0.0,0.096055,59,8300
811,1,2.0,0.0,0.422184,194,21000
812,1,2.0,0.0,0.138297,155,21000
813,0,2.0,1.0,0.22541,138,18000
814,0,1.0,0.0,0.18414,144,7000
815,1,1.0,1.0,5e-06,129,2362
816,1,1.0,0.0,0.448653,276,21371
817,0,1.0,0.0,0.124902,55,4500
818,1,1.0,0.0,0.666628,88,20000
819,1,1.0,0.0,0.069801,37,4500
820,1,1.0,0.0,0.030212,103,4100
821,0,3.0,0.0,0.060921,26,500
822,1,1.0,0.0,0.363619,141,18325
823,1,4.0,0.0,0.17117000000000002,155,12000
824,0,1.0,0.0,0.000615,116,690
825,1,1.0,0.0,0.01889,81,2300
826,1,1.0,0.0,0.000148,155,800
827,1,1.0,0.0,0.019535,42,2400
828,1,1.0,0.0,0.666628,102,14536
829,0,1.0,1.0,0.153793,160,16486
830,1,1.0,0.0,0.085635,73,19000
831,1,1.0,1.0,0.087289,253,19945
832,1,1.0,0.0,0.037632,109,2300
833,1,1.0,0.0,0.163117,283,16486
834,1,1.0,1.0,0.130142,163,4100
835,1,1.0,0.0,0.000118,266,1300
836,1,1.0,0.0,0.097726,127,2181
837,1,1.0,0.0,0.097726,127,1870
838,1,2.0,0.0,0.666628,282,15000
839,1,2.0,1.0,0.026004000000000003,175,8000
840,1,3.0,0.0,0.122321,79,500
841,1,1.0,1.0,0.266251,169,21001
842,1,1.0,0.0,0.06154,63,2800
843,1,1.0,0.0,0.135905,103,5000
844,1,1.0,0.0,0.026004000000000003,281,14536
845,0,1.0,0.0,0.019952,145,13760
846,1,1.0,0.0,0.163117,271,22000
847,1,1.0,0.0,0.091308,99,15357
848,1,2.0,0.0,0.097797,84,19000
849,1,4.0,0.0,0.043678,115,12000
850,1,1.0,0.0,0.220074,174,12508
851,1,1.0,0.0,0.335149,117,17500
852,1,4.0,0.0,0.081804,156,12000
853,0,1.0,0.0,0.023548,117,7000
854,1,1.0,0.0,0.003079,66,17376
855,0,1.0,0.0,0.017464,147,1300
856,1,1.0,0.0,0.008819,209,1300
857,1,1.0,0.0,0.124902,158,4500
858,0,1.0,0.0,8e-06,80,1300
859,1,2.0,0.0,0.067656,127,19000
860,1,4.0,0.0,0.065107,279,20000
861,1,1.0,0.0,0.017464,58,1300
862,0,1.0,0.0,0.025416,275,1000
863,1,1.0,0.0,0.666628,268,21371
864,1,1.0,0.0,0.019665,156,4500
865,1,2.0,0.0,0.081481,123,21000
866,1,1.0,0.0,0.0008939999999999998,134,2703
867,1,1.0,0.0,0.0008939999999999998,134,1014
868,0,1.0,0.0,0.128252,114,2400
869,1,2.0,0.0,0.001155,167,12036
870,1,1.0,1.0,0.17466199999999998,140,4500
871,1,1.0,0.0,0.251556,183,19319
872,0,1.0,0.0,0.024342,139,2300
873,0,1.0,0.0,0.128252,36,4500
874,1,1.0,0.0,0.0,654,20000
875,1,1.0,0.0,0.0,654,20000
876,1,4.0,0.0,0.220074,244,12000
877,0,1.0,0.0,0.000725,151,21000
878,1,2.0,0.0,0.246509,289,21500
879,1,1.0,0.0,0.036543,144,1300
880,1,2.0,0.0,0.05419,146,12036
881,1,1.0,0.0,0.233502,34,16182
882,1,2.0,0.0,0.083231,630,12645
883,1,2.0,0.0,0.083231,263,12645
884,1,1.0,0.0,0.148783,153,7000
885,1,1.0,0.0,0.148783,153,7000
886,1,1.0,0.0,0.148783,160,7000
887,1,2.0,0.0,0.043005,141,21000
888,1,1.0,1.0,0.012354,173,800
889,1,4.0,0.0,0.131886,146,12000
890,1,2.0,0.0,0.15529400000000002,127,22000
891,1,2.0,0.0,0.067656,365,19000
892,1,1.0,0.0,0.038748000000000005,119,2600
893,1,1.0,0.0,0.038748000000000005,119,1697
894,1,1.0,0.0,0.038748000000000005,119,1500
895,1,2.0,0.0,0.128789,68,12036
896,1,1.0,0.0,0.049032,197,4500
897,1,1.0,0.0,0.163117,198,21001
898,1,1.0,0.0,0.0,724,20000
899,0,1.0,0.0,0.032737,86,1300
900,0,1.0,0.0,0.00973,382,2176
901,1,1.0,0.0,0.009978,107,4500
902,0,1.0,0.0,0.061658,34,2300
903,1,2.0,0.0,0.279612,79,22000
904,1,1.0,0.0,0.036543,102,1300
905,0,1.0,0.0,0.003881,150,800
906,0,1.0,1.0,0.020099,218,4500
907,0,1.0,0.0,0.020099,197,4500
908,1,1.0,0.0,0.009978,105,4500
909,1,2.0,0.0,0.034699,183,19000
910,1,1.0,0.0,0.227244,107,5000
911,0,1.0,0.0,0.018692,189,7000
912,1,1.0,0.0,0.004841,142,3500
913,0,1.0,0.0,0.482164,269,72200
914,1,1.0,1.0,0.227244,163,5000
915,1,1.0,0.0,0.030854000000000006,183,4500
916,1,1.0,0.0,0.069486,209,16182
917,1,2.0,0.0,0.333328,186,19000
918,1,3.0,0.0,0.07968,141,19000
919,1,2.0,0.0,0.146425,218,22000
920,1,2.0,0.0,0.146425,197,22000
921,1,1.0,0.0,0.008812,84,2300
922,1,3.0,0.0,0.146425,293,19000
923,1,1.0,0.0,0.022402,57,5000
924,1,1.0,0.0,0.072774,188,16000
925,1,1.0,0.0,0.297606,151,5000
926,1,1.0,0.0,0.297606,207,5000
927,1,1.0,0.0,0.124902,294,3500
928,1,1.0,0.0,0.634638,227,4298
929,1,1.0,1.0,0.165202,163,2700
930,1,1.0,1.0,0.165202,163,1364
931,1,1.0,1.0,0.165202,163,2579
932,1,1.0,1.0,0.165202,163,1700
933,1,1.0,1.0,0.165202,163,2400
934,1,1.0,1.0,0.165202,163,2203
935,1,1.0,1.0,0.165202,163,2000
936,1,1.0,1.0,0.165202,163,1364
937,1,1.0,1.0,0.227244,177,5000
938,1,1.0,0.0,0.008812,154,2300
939,0,1.0,0.0,0.006252000000000001,44,5000
940,0,1.0,0.0,0.012607,27,1000
941,1,1.0,0.0,0.003881,94,800
942,1,1.0,0.0,0.165202,198,1700
943,1,1.0,0.0,0.165202,198,2000
944,1,1.0,0.0,0.165202,198,1364
945,1,1.0,0.0,0.165202,198,1364
946,1,1.0,0.0,0.165202,198,2400
947,1,1.0,0.0,0.165202,198,2700
948,1,1.0,0.0,0.165202,198,2203
949,1,1.0,0.0,0.165202,198,2579
950,1,4.0,0.0,0.363619,153,12000
951,1,1.0,0.0,0.003927,107,16000
952,1,1.0,0.0,0.196111,204,4298
953,1,1.0,0.0,0.003065,167,4298
954,1,1.0,1.0,0.01889,172,2300
955,1,4.0,0.0,0.043678,129,12000
956,1,4.0,0.0,0.043678,129,12000
957,0,3.0,1.0,0.448653,140,18249
958,1,1.0,0.0,0.01889,158,2300
959,1,1.0,0.0,0.15529400000000002,164,17376
960,1,1.0,0.0,0.004712,141,5000
961,0,1.0,0.0,0.019535,77,2400
962,0,1.0,0.0,0.69391,189,18000
963,1,2.0,0.0,0.024342,114,1870
964,1,2.0,0.0,0.024342,114,2181
965,1,1.0,0.0,0.474684,212,4298
966,1,4.0,0.0,0.335149,141,12000
967,0,1.0,0.0,0.091622,77,8400
968,1,1.0,0.0,0.027165,62,2800
969,1,1.0,0.0,0.01889,95,2300
970,1,1.0,1.0,0.000875,133,3500
971,1,1.0,0.0,0.095168,108,5000
972,1,1.0,0.0,0.15529400000000002,276,17376
973,1,1.0,0.0,0.15529400000000002,157,17376
974,1,1.0,0.0,0.15529400000000002,157,17376
975,1,1.0,0.0,0.027165,97,2800
976,1,1.0,0.0,0.023375,303,3500
977,1,1.0,1.0,0.12858499999999998,193,2181
978,1,1.0,1.0,0.12858499999999998,193,1870
979,1,1.0,0.0,0.098488,126,1300
980,1,1.0,0.0,0.15529400000000002,255,17376
981,1,1.0,0.0,0.0057350000000000005,126,1014
982,1,1.0,0.0,0.0057350000000000005,126,2703
983,0,1.0,0.0,0.000543,122,2181
984,0,1.0,0.0,0.000543,122,1870
985,1,1.0,0.0,0.016991,135,800
986,1,1.0,0.0,0.005629,124,4298
987,1,1.0,0.0,0.122299,329,17500
988,1,1.0,0.0,0.005629,40,4298
989,1,1.0,0.0,0.027165,251,2800
990,1,1.0,0.0,0.027165,97,2800
991,0,1.0,0.0,0.016991,168,5000
992,1,3.0,0.0,0.009406,155,7200
993,1,1.0,0.0,0.15529400000000002,157,17376
994,0,1.0,0.0,0.059374,69,1300
995,0,3.0,0.0,5.600000000000001e-05,58,500
996,1,2.0,0.0,0.22541,162,18000
997,1,1.0,1.0,0.06375,193,1014
998,1,1.0,1.0,0.06375,193,2703
999,0,1.0,0.0,0.042374,153,3500
1000,1,1.0,0.0,0.08152899999999999,125,2800
1001,1,3.0,0.0,0.666628,116,19000
1002,1,3.0,0.0,0.067389,111,500
1003,1,1.0,0.0,0.227244,107,5000
1004,1,1.0,0.0,0.091009,108,4500
1005,0,1.0,0.0,0.010399,89,1300
1006,1,1.0,0.0,0.06154,154,2800
1007,1,1.0,0.0,0.030769,123,800
1008,0,1.0,1.0,0.117756,6810,13760
1009,0,2.0,0.0,0.127948,126,1870
1010,0,2.0,0.0,0.127948,126,2181
1011,1,1.0,1.0,0.226352,162,19319
1012,1,4.0,0.0,0.267504,160,20000
1013,1,1.0,0.0,0.287362,76,19319
1014,1,4.0,1.0,0.053462,218,12000
1015,1,1.0,0.0,0.030632,50,7400
1016,1,2.0,0.0,0.127948,196,1870
1017,1,2.0,0.0,0.127948,196,2181
1018,0,1.0,0.0,0.18414,249,7000
1019,1,1.0,0.0,0.001152,246,2181
1020,1,1.0,0.0,0.001152,246,1870
1021,0,1.0,0.0,0.003668,173,1252
1022,1,1.0,0.0,0.190899,129,7286
1023,1,1.0,0.0,0.085677,280,19000
1024,1,1.0,0.0,0.094944,112,4100
1025,1,1.0,0.0,0.000383,75,2176
1026,0,1.0,0.0,0.011972,131,1000
1027,1,1.0,0.0,0.005629,117,4298
1028,1,1.0,1.0,0.187508,196,10600
1029,1,1.0,0.0,0.050641000000000005,716,13760
1030,1,1.0,0.0,0.01889,137,2300
1031,1,3.0,0.0,0.193198,279,19000
1032,1,1.0,0.0,0.335149,389,23000
1033,1,1.0,1.0,0.666628,142,21371
1034,1,1.0,0.0,0.036138,125,4298
1035,1,1.0,0.0,0.030769,46,800
1036,1,1.0,0.0,0.666628,96,21001
1037,1,1.0,0.0,0.363619,112,14000
1038,1,1.0,0.0,0.08152899999999999,83,2800
1039,1,1.0,0.0,0.021301,100,5000
1040,1,1.0,0.0,0.005629,117,4298
1041,1,1.0,0.0,0.404712,224,21001
1042,1,3.0,0.0,0.146425,195,19000
1043,1,1.0,0.0,0.036138,125,4298
1044,1,1.0,0.0,0.005629,117,4298
1045,1,1.0,0.0,0.072774,125,16000
1046,1,1.0,0.0,0.033849000000000004,226,19319
1047,1,1.0,0.0,0.027165,146,2800
1048,1,1.0,0.0,0.030769,131,800
1049,1,1.0,0.0,0.005838,181,20500
1050,1,1.0,1.0,0.027165,195,2800
1051,1,1.0,0.0,0.018798,237,2300
1052,1,1.0,0.0,0.005629,117,4298
1053,1,1.0,0.0,0.038748000000000005,91,5000
1054,1,1.0,0.0,0.005629,117,4298
1055,1,1.0,0.0,0.005629,40,4298
1056,0,1.0,0.0,0.056694000000000015,107,2300
1057,1,1.0,0.0,0.027165,258,2800
1058,0,1.0,0.0,0.004712,91,5000
1059,1,3.0,0.0,0.024689,95,1500
1060,0,1.0,1.0,0.027165,188,2800
1061,1,1.0,0.0,0.019465,151,2800
1062,1,1.0,0.0,0.085635,272,19000
1063,1,1.0,0.0,0.01889,208,2300
1064,1,4.0,0.0,0.036197,337,12000
1065,1,1.0,0.0,0.17466199999999998,34,4500
1066,1,1.0,0.0,0.010255,149,1252
1067,1,1.0,0.0,0.038322,149,2300
1068,1,1.0,0.0,0.01889,60,2300
1069,1,1.0,0.0,0.027165,93,2800
1070,1,1.0,1.0,0.030632,162,7400
1071,0,1.0,0.0,0.06154,119,2800
1072,1,3.0,0.0,0.013599000000000002,231,11700
1073,1,1.0,0.0,0.171157,157,15100
1074,0,1.0,0.0,0.073612,60,2300
1075,1,1.0,0.0,0.000176,133,2427
1076,0,1.0,0.0,0.363619,323,18325
1077,1,1.0,0.0,0.363619,323,18325
1078,0,1.0,0.0,0.027839,120,5000
1079,1,2.0,0.0,0.024374,154,19000
1080,1,2.0,0.0,0.666628,70,15000
1081,0,1.0,0.0,0.0,134,2963
1082,0,1.0,1.0,0.011278,6403,2176
1083,1,2.0,0.0,0.146425,316,14770
1084,1,2.0,0.0,0.381436,201,19000
1085,0,1.0,0.0,0.06416799999999999,101,5000
1086,0,1.0,0.0,0.039386,37,1500
1087,1,2.0,0.0,0.422184,68,21000
1088,1,4.0,0.0,0.043678,115,12000
1089,1,1.0,0.0,0.0,619,20000
1090,0,1.0,0.0,0.06439600000000001,299,2176
1091,1,1.0,0.0,0.002378,77,4400
1092,1,1.0,0.0,0.187508,189,12500
1093,1,1.0,0.0,0.06154,126,2800
1094,1,2.0,0.0,0.128789,68,12036
1095,1,2.0,0.0,0.128789,68,12036
1096,1,1.0,0.0,0.008812,85,2300
1097,1,1.0,0.0,0.01889,181,5000
1098,0,1.0,0.0,0.063552,540,18325
1099,0,1.0,0.0,0.063552,540,18325
1100,1,1.0,0.0,0.084489,194,19000
1101,1,1.0,0.0,0.008476000000000001,100,800
1102,1,4.0,0.0,0.131886,48,12000
1103,0,2.0,0.0,0.003927,71,19000
1104,0,3.0,0.0,0.014968,57,1500
1105,0,2.0,0.0,0.127948,126,1870
1106,0,2.0,0.0,0.127948,126,2181
1107,1,2.0,0.0,0.15529400000000002,195,14770
1108,1,2.0,0.0,0.130142,172,5500
1109,1,4.0,0.0,0.131886,216,12000
1110,1,1.0,0.0,0.008812,113,2300
1111,1,2.0,0.0,0.000595,280,15000
1112,1,1.0,0.0,0.634638,366,4298
1113,1,3.0,0.0,0.045177,117,1500
1114,1,1.0,0.0,0.390898,234,14620
1115,1,2.0,0.0,0.184954,301,19000
1116,1,1.0,0.0,0.023978,141,1364
1117,1,1.0,0.0,0.023978,141,2400
1118,1,1.0,0.0,0.023978,141,2579
1119,1,1.0,0.0,0.024112,112,8900
1120,1,2.0,0.0,0.001155,167,12036
1121,1,1.0,0.0,0.003867,106,2700
1122,1,1.0,0.0,0.003867,106,2203
1123,1,1.0,0.0,0.003867,106,2000
1124,1,1.0,0.0,0.003867,106,1364
1125,1,1.0,0.0,0.003867,106,2579
1126,1,1.0,0.0,0.003867,106,2400
1127,1,1.0,0.0,0.003867,106,1364
1128,1,1.0,0.0,0.003867,106,1700
1129,0,1.0,0.0,0.303414,227,1870
1130,0,1.0,0.0,0.303414,227,2181
1131,1,1.0,0.0,0.12858499999999998,95,2181
1132,1,1.0,0.0,0.12858499999999998,95,1870
1133,0,1.0,0.0,0.021301,114,5000
1134,1,1.0,0.0,0.008812,85,2300
1135,0,1.0,0.0,0.474684,165,18325
1136,1,1.0,0.0,0.474684,165,18325
1137,1,1.0,0.0,0.237156,243,11000
1138,1,1.0,0.0,0.003927,169,14620
1139,0,1.0,0.0,0.091622,119,8400
1140,1,1.0,0.0,0.08140399999999999,125,11000
1141,1,2.0,0.0,0.130142,229,5500
1142,0,2.0,0.0,0.127948,112,1870
1143,0,2.0,0.0,0.127948,112,2181
1144,1,2.0,0.0,0.01261,140,1700
1145,1,1.0,0.0,0.634638,366,4298
1146,0,2.0,0.0,0.127948,126,1870
1147,0,2.0,0.0,0.127948,126,2181
1148,1,2.0,0.0,0.016062,144,15000
1149,1,3.0,0.0,0.026593,101,1500
1150,1,1.0,0.0,0.005838,111,20500
1151,1,1.0,0.0,0.082637,78,19000
1152,1,1.0,0.0,0.06154,63,2800
1153,1,1.0,0.0,0.146425,206,21001
1154,1,1.0,0.0,0.008812,134,2300
1155,1,1.0,1.0,0.03065,202,12500
1156,1,1.0,1.0,0.171157,192,15100
1157,1,1.0,0.0,0.0,626,20000
1158,1,2.0,0.0,0.15529400000000002,126,19000
1159,1,1.0,0.0,0.363619,231,14000
1160,1,1.0,0.0,0.000654,133,2300
1161,1,1.0,0.0,0.059635,273,2712
1162,1,1.0,0.0,0.13661600000000002,130,800
1163,1,1.0,0.0,0.303414,74,1870
1164,1,1.0,0.0,0.303414,74,2181
1165,1,2.0,0.0,0.146425,123,19000
1166,1,1.0,0.0,0.0057350000000000005,29,1014
1167,1,1.0,0.0,0.0057350000000000005,29,2703
1168,1,1.0,0.0,0.163117,261,21001
1169,1,2.0,0.0,0.127948,84,2181
1170,1,2.0,0.0,0.127948,84,1870
1171,1,1.0,0.0,0.023548,138,7000
1172,1,1.0,0.0,0.000252,64,13760
1173,1,1.0,0.0,0.045177,67,2800
1174,1,2.0,0.0,0.333328,202,19000
1175,1,3.0,1.0,0.146425,304,19000
1176,1,2.0,0.0,0.034699,162,19000
1177,1,3.0,1.0,0.003874,194,1500
1178,1,3.0,1.0,0.015192,174,1500
1179,1,4.0,0.0,0.220074,189,12000
1180,1,1.0,0.0,0.333328,184,16000
1181,1,2.0,0.0,0.130142,144,5500
1182,1,1.0,0.0,0.363619,273,14000
1183,1,1.0,0.0,0.008812,106,2300
1184,1,1.0,1.0,0.097726,190,2427
1185,1,3.0,0.0,0.045177,89,1500
1186,1,1.0,0.0,0.237156,160,62755
1187,1,3.0,0.0,0.003573,67,1500
1188,1,1.0,0.0,0.007932,158,5000
1189,1,3.0,0.0,0.113404,139,1500
1190,1,1.0,0.0,0.018798,244,2300
1191,1,3.0,0.0,0.045177,75,1500
1192,1,2.0,0.0,0.126668,133,9605
1193,1,3.0,0.0,0.074883,175,7200
1194,1,2.0,0.0,0.163117,286,19000
1195,1,2.0,0.0,0.474684,157,19712
1196,1,2.0,0.0,0.335149,266,22000
1197,1,2.0,0.0,0.001155,181,12036
1198,1,1.0,0.0,0.0,653,20000
1199,1,1.0,0.0,0.061658,125,2300
1200,1,2.0,0.0,0.023202,120,5500
1201,1,1.0,0.0,0.041552,232,2579
1202,1,1.0,0.0,0.041552,232,1700
1203,1,1.0,0.0,0.041552,232,2400
1204,1,1.0,0.0,0.041552,232,2700
1205,1,1.0,0.0,0.041552,232,2203
1206,1,1.0,0.0,0.041552,232,1364
1207,1,1.0,0.0,0.041552,232,2000
1208,1,1.0,0.0,0.041552,232,1364
1209,1,1.0,0.0,0.251556,197,19319
1210,1,2.0,0.0,0.146425,195,17556
1211,0,1.0,0.0,0.030465,128,17500
1212,1,2.0,0.0,0.146425,205,19000
1213,1,1.0,1.0,0.042383,188,19000
1214,1,1.0,0.0,0.216022,408,19000
1215,1,1.0,1.0,0.084489,152,19000
1216,1,2.0,0.0,0.031874,105,2181
1217,1,2.0,0.0,0.031874,105,1870
1218,0,1.0,0.0,0.052608,51,1870
1219,0,1.0,0.0,0.052608,51,1600
1220,0,1.0,0.0,0.052608,51,2807
1221,0,1.0,0.0,0.052608,51,1200
1222,0,1.0,0.0,0.052608,51,1950
1223,0,1.0,0.0,0.052608,51,3040
1224,1,1.0,0.0,0.06439,156,2250
1225,1,1.0,0.0,0.06439,156,1847
1226,1,1.0,0.0,0.042679,133,7400
1227,0,1.0,0.0,0.007436,98,3040
1228,0,1.0,0.0,0.007436,98,1200
1229,0,1.0,0.0,0.007436,98,1950
1230,0,1.0,0.0,0.007436,98,2807
1231,0,1.0,0.0,0.007436,98,1600
1232,0,1.0,0.0,0.007436,98,1870
1233,0,1.0,0.0,0.007436,98,1950
1234,0,1.0,0.0,0.007436,98,1200
1235,0,1.0,0.0,0.007436,98,1600
1236,0,1.0,0.0,0.007436,98,3040
1237,0,1.0,0.0,0.007436,98,2807
1238,0,1.0,0.0,0.007436,98,1870
1239,1,1.0,0.0,7.000000000000002e-06,155,3500
1240,1,1.0,0.0,0.217099,192,5000
1241,0,1.0,0.0,0.100391,266,2176
1242,1,2.0,0.0,0.038431,94,2181
1243,1,2.0,0.0,0.038431,94,1870
1244,1,1.0,0.0,0.008812,183,2300
1245,1,1.0,0.0,0.008812,183,2300
1246,1,1.0,0.0,0.008812,127,2300
1247,1,2.0,0.0,0.163117,296,22000
1248,0,1.0,0.0,0.008812,106,2300
1249,1,2.0,0.0,0.15529400000000002,77,19000
1250,1,1.0,0.0,0.008812,98,2300
1251,1,1.0,0.0,0.196111,147,4298
1252,1,2.0,0.0,0.021965,158,1870
1253,1,2.0,0.0,0.021965,158,2181
1254,1,1.0,1.0,0.02449,124,14620
1255,0,1.0,1.0,1e-06,215,73250
1256,1,1.0,0.0,5e-06,101,1600
1257,1,1.0,0.0,5e-06,101,1950
1258,1,1.0,0.0,5e-06,101,1200
1259,1,1.0,0.0,5e-06,101,2807
1260,1,1.0,0.0,5e-06,101,1870
1261,1,1.0,0.0,5e-06,101,3040
1262,1,2.0,0.0,0.01784,159,1870
1263,1,2.0,0.0,0.01784,159,2181
1264,1,3.0,0.0,0.224622,214,7200
1265,1,1.0,0.0,0.146425,299,19199
1266,1,1.0,0.0,0.227244,175,7400
1267,0,1.0,0.0,0.052608,52,1600
1268,0,1.0,0.0,0.052608,52,1870
1269,0,1.0,0.0,0.052608,52,2807
1270,0,1.0,0.0,0.052608,52,1950
1271,0,1.0,0.0,0.052608,52,1200
1272,0,1.0,0.0,0.052608,52,3040
1273,1,1.0,0.0,0.251556,106,19319
1274,1,1.0,0.0,0.037538,127,2712
1275,1,1.0,0.0,0.328562,213,21371
1276,1,2.0,0.0,0.021965,158,1870
1277,1,2.0,0.0,0.021965,158,2181
1278,1,4.0,0.0,0.333328,477,12000
1279,1,2.0,0.0,0.049032,145,1870
1280,1,2.0,0.0,0.049032,145,2181
1281,1,1.0,0.0,0.196111,116,4298
1282,1,1.0,0.0,0.003927,244,7400
1283,1,1.0,0.0,0.007423000000000002,162,4400
1284,1,1.0,0.0,0.037922,32,1400
1285,1,1.0,0.0,0.069486,279,16182
1286,1,1.0,0.0,0.035344,176,4400
1287,1,1.0,1.0,0.335149,242,23000
1288,1,1.0,0.0,0.237156,180,16182
1289,0,2.0,0.0,0.014862,110,1870
1290,0,2.0,0.0,0.014862,110,2181
1291,1,1.0,0.0,0.003065,160,4298
1292,1,1.0,0.0,0.138237,112,14620
1293,1,1.0,0.0,0.003065,167,4298
1294,1,1.0,0.0,0.138237,209,16000
1295,0,2.0,0.0,0.001628,141,2181
1296,0,2.0,0.0,0.001628,141,1870
1297,1,1.0,0.0,0.171157,150,15100
1298,1,1.0,0.0,0.148783,74,7000
1299,0,2.0,0.0,0.024342,261,2181
1300,0,2.0,0.0,0.024342,261,1870
1301,1,1.0,0.0,0.143087,120,10600
1302,1,2.0,0.0,0.010014,64,1870
1303,1,2.0,0.0,0.010014,64,2181
1304,0,2.0,0.0,0.024342,121,1870
1305,0,2.0,0.0,0.024342,121,2181
1306,1,1.0,0.0,0.034816,160,8900
1307,1,2.0,0.0,0.000595,335,15000
1308,0,3.0,0.0,0.039629,58,500
1309,1,1.0,0.0,0.634638,356,4298
1310,1,2.0,0.0,0.15529400000000002,89,17556
1311,1,1.0,1.0,0.366234,147,5000
1312,1,1.0,0.0,0.16989500000000002,182,4298
1313,0,1.0,0.0,0.017922,38,1500
1314,1,1.0,0.0,0.122321,229,4500
1315,1,1.0,0.0,0.018826,95,2703
1316,1,1.0,0.0,0.018826,95,1014
1317,1,1.0,0.0,0.018826,95,1014
1318,1,1.0,0.0,0.018826,95,2703
1319,0,3.0,0.0,0.009752,126,500
1320,1,1.0,1.0,0.035616,196,2427
1321,1,1.0,0.0,0.016212,75,2712
1322,1,2.0,0.0,0.422184,60,19712
1323,1,2.0,0.0,0.422184,228,19712
1324,0,1.0,0.0,0.303414,54,3040
1325,0,1.0,0.0,0.303414,54,1950
1326,0,1.0,0.0,0.303414,54,1200
1327,0,1.0,0.0,0.303414,54,2807
1328,0,1.0,0.0,0.303414,54,1600
1329,0,1.0,0.0,0.303414,54,1870
1330,0,1.0,0.0,0.148783,328,7000
1331,1,2.0,0.0,0.056606,123,19000
1332,1,1.0,0.0,0.013243,77,1870
1333,1,1.0,0.0,0.013243,77,2181
1334,1,1.0,0.0,0.017342,234,2963
1335,1,1.0,1.0,0.192953,169,7000
1336,1,1.0,0.0,0.016212,159,2712
1337,1,1.0,1.0,0.138237,182,14620
1338,1,1.0,0.0,0.335149,291,23000
1339,1,2.0,0.0,0.056606,120,21000
1340,1,1.0,0.0,0.634638,227,4298
1341,1,3.0,0.0,0.039629,62,500
1342,1,3.0,0.0,0.008408,78,500
1343,1,3.0,0.0,0.016613,82,500
1344,1,1.0,0.0,0.227244,86,5000
1345,1,2.0,0.0,0.067656,126,14000
1346,1,3.0,0.0,0.061185,188,2200
1347,1,1.0,0.0,0.026004000000000003,204,14536
1348,1,1.0,1.0,0.031232,146,2427
1349,1,1.0,1.0,0.031232,146,2427
1350,1,1.0,0.0,0.227244,135,5000
1351,1,1.0,0.0,0.320495,208,4298
1352,1,3.0,0.0,0.01116,98,500
1353,1,4.0,1.0,0.081194,204,12000
1354,1,1.0,0.0,0.333328,421,15100
1355,0,2.0,0.0,0.001307,32,1700
1356,1,1.0,1.0,0.003927,146,4400
1357,1,1.0,0.0,0.042288,168,13184
1358,1,1.0,1.0,0.041746,222,2300
1359,0,3.0,0.0,2.3e-05,37,500
1360,1,1.0,0.0,0.320495,124,4298
1361,1,1.0,0.0,0.320495,124,4298
1362,1,2.0,0.0,0.381436,123,6800
1363,1,2.0,0.0,0.381436,123,21000
1364,1,3.0,0.0,0.193198,296,19000
1365,0,1.0,0.0,0.011972,48,1000
1366,1,1.0,0.0,0.042411,149,16000
1367,1,3.0,0.0,0.15529400000000002,132,23500
1368,0,1.0,0.0,0.002256,159,2963
1369,1,1.0,1.0,0.026004000000000003,203,16182
1370,1,3.0,0.0,0.000628,85,2829
1371,1,1.0,0.0,0.320495,124,4298
1372,1,3.0,0.0,0.019939,154,2829
1373,1,2.0,0.0,0.026004000000000003,147,19712
1374,1,1.0,1.0,0.257614,258,7000
1375,1,2.0,0.0,0.666628,82,19712
1376,1,1.0,1.0,0.15529400000000002,157,14536
1377,1,1.0,0.0,0.050641000000000005,877,13760
1378,1,1.0,0.0,0.153793,97,19199
1379,1,2.0,0.0,0.056479,141,17556
1380,0,1.0,0.0,0.020961,69,1950
1381,0,1.0,0.0,0.020961,69,2807
1382,0,1.0,0.0,0.020961,69,1870
1383,0,1.0,0.0,0.020961,69,1600
1384,0,1.0,0.0,0.020961,69,1200
1385,0,1.0,0.0,0.020961,69,3040
1386,1,1.0,0.0,0.013855,141,1400
1387,0,1.0,0.0,0.038748000000000005,35,5000
1388,0,1.0,0.0,0.002387,41,1870
1389,0,1.0,0.0,0.002387,41,1600
1390,0,1.0,0.0,0.002387,41,1200
1391,0,1.0,0.0,0.002387,41,3040
1392,0,1.0,0.0,0.002387,41,1950
1393,0,1.0,0.0,0.002387,41,2807
1394,1,3.0,0.0,0.031566000000000004,103,2200
1395,1,1.0,0.0,0.073358,74,12700
1396,1,3.0,1.0,0.06997,217,19000
1397,1,3.0,0.0,0.013580000000000002,118,500
1398,1,2.0,0.0,0.422184,67,19712
1399,1,2.0,0.0,0.422184,193,19712
1400,1,1.0,0.0,0.353977,145,7000
1401,1,1.0,0.0,0.026004000000000003,141,23000
1402,1,1.0,0.0,0.003065,112,4298
1403,0,1.0,0.0,0.002387,42,2807
1404,0,1.0,0.0,0.002387,42,1600
1405,0,1.0,0.0,0.002387,42,1200
1406,0,1.0,0.0,0.002387,42,1950
1407,0,1.0,0.0,0.002387,42,1870
1408,0,1.0,0.0,0.002387,42,3040
1409,1,2.0,0.0,0.335149,222,17556
1410,1,2.0,0.0,0.422184,137,19712
1411,1,1.0,0.0,0.003065,105,4298
1412,1,3.0,1.0,0.019939,169,2829
1413,1,1.0,0.0,0.165265,118,4298
1414,1,3.0,0.0,0.146425,233,23500
1415,1,3.0,1.0,0.033526,151,2200
1416,1,1.0,0.0,0.009978,168,4500
1417,1,2.0,0.0,0.00113,148,1700
1418,1,3.0,0.0,0.4099890000000001,194,23500
1419,1,1.0,0.0,0.003927,100,10600
1420,1,3.0,0.0,0.005868,89,2829
1421,1,1.0,0.0,0.135345,137,13184
1422,1,1.0,0.0,0.01889,75,2300
1423,1,1.0,0.0,0.009978,189,4500
1424,1,1.0,0.0,0.335149,291,23000
1425,1,3.0,0.0,0.019939,140,2829
1426,1,3.0,0.0,0.4099890000000001,160,23500
1427,1,1.0,0.0,0.009916,331,4400
1428,1,3.0,0.0,0.666628,104,23500
1429,1,3.0,0.0,0.131807,100,2200
1430,1,1.0,0.0,0.038575,39,2712
1431,1,1.0,0.0,0.003065,111,4298
1432,1,1.0,0.0,0.018798,202,2300
1433,1,3.0,0.0,0.08140700000000001,166,2829
1434,1,1.0,0.0,0.026004000000000003,208,14536
1435,1,1.0,0.0,0.060586,156,4298
1436,1,2.0,0.0,0.114818,175,19712
1437,1,1.0,0.0,0.543039,54,7000
1438,1,3.0,0.0,0.042557,176,2200
1439,1,1.0,0.0,0.631274,184,4298
1440,1,1.0,0.0,0.117329,69,5000
1441,1,4.0,0.0,0.025006,359,12000
1442,1,1.0,0.0,0.067656,245,19000
1443,1,1.0,0.0,0.030277,103,1400
1444,1,3.0,1.0,0.087976,236,23500
1445,1,4.0,0.0,0.081804,107,12000
1446,1,1.0,0.0,0.114818,106,24500
1447,1,3.0,0.0,0.08140700000000001,172,2829
1448,0,1.0,0.0,0.126362,101,1600
1449,0,1.0,0.0,0.126362,101,2807
1450,0,1.0,0.0,0.126362,101,1870
1451,0,1.0,0.0,0.126362,101,1950
1452,0,1.0,0.0,0.126362,101,3040
1453,0,1.0,0.0,0.126362,101,1200
1454,1,2.0,1.0,0.004614,218,1700
1455,0,1.0,0.0,0.126362,101,1870
1456,0,1.0,0.0,0.126362,101,3040
1457,0,1.0,0.0,0.126362,101,2807
1458,0,1.0,0.0,0.126362,101,1600
1459,0,1.0,0.0,0.126362,101,1950
1460,0,1.0,0.0,0.126362,101,1200
1461,1,1.0,0.0,0.08140399999999999,120,24500
1462,1,1.0,0.0,0.126668,191,1400
1463,1,1.0,0.0,0.02973,154,2427
1464,1,1.0,0.0,0.179598,96,4400
1465,1,1.0,0.0,0.100391,101,4000
1466,0,1.0,0.0,0.303414,52,1950
1467,0,1.0,0.0,0.303414,52,1200
1468,0,1.0,0.0,0.303414,52,2807
1469,0,1.0,0.0,0.303414,52,1600
1470,0,1.0,0.0,0.303414,52,1870
1471,0,1.0,0.0,0.303414,52,3040
1472,0,1.0,0.0,0.126362,103,1200
1473,0,1.0,0.0,0.126362,103,2807
1474,0,1.0,0.0,0.126362,103,1950
1475,0,1.0,0.0,0.126362,103,1600
1476,0,1.0,0.0,0.126362,103,1870
1477,0,1.0,0.0,0.126362,103,3040
1478,1,3.0,0.0,0.00393,111,2200
1479,1,1.0,0.0,0.196111,155,4298
1480,0,1.0,0.0,0.040317,50,1950
1481,0,1.0,0.0,0.040317,50,1200
1482,0,1.0,0.0,0.040317,50,2807
1483,0,1.0,0.0,0.040317,50,1600
1484,0,1.0,0.0,0.040317,50,1870
1485,0,1.0,0.0,0.040317,50,3040
1486,1,4.0,0.0,0.220074,350,12000
1487,1,1.0,0.0,0.026004000000000003,246,14536
1488,1,1.0,0.0,0.081481,117,12500
1489,0,1.0,1.0,0.009916,212,4400
1490,1,1.0,0.0,0.043797,301,1364
1491,1,1.0,0.0,0.043797,301,2400
1492,1,1.0,0.0,0.043797,301,1364
1493,1,1.0,0.0,0.043797,301,2000
1494,1,1.0,0.0,0.043797,301,2203
1495,1,1.0,0.0,0.043797,301,1700
1496,1,1.0,0.0,0.043797,301,2700
1497,1,1.0,0.0,0.043797,301,2579
1498,1,1.0,0.0,0.009978,133,4500
1499,1,1.0,0.0,0.00441,138,5000
1500,1,1.0,0.0,0.666628,73,19000
1501,0,1.0,0.0,0.040317,52,1600
1502,0,1.0,0.0,0.040317,52,1950
1503,0,1.0,0.0,0.040317,52,1200
1504,0,1.0,0.0,0.040317,52,2807
1505,0,1.0,0.0,0.040317,52,3040
1506,0,1.0,0.0,0.040317,52,1870
1507,1,4.0,0.0,0.009231,219,6015
1508,0,1.0,0.0,0.000174,30,2807
1509,0,1.0,0.0,0.000174,30,1950
1510,0,1.0,0.0,0.000174,30,1200
1511,0,1.0,0.0,0.000174,30,1600
1512,0,1.0,0.0,0.000174,30,1870
1513,0,1.0,0.0,0.000174,30,3040
1514,1,2.0,1.0,0.187664,179,14000
1515,1,1.0,0.0,0.12475,155,13184
1516,1,4.0,0.0,0.06867100000000001,82,6015
1517,1,3.0,1.0,0.027967,177,2829
1518,1,1.0,0.0,0.024112,77,8900
1519,1,1.0,0.0,0.033865,127,7000
1520,1,1.0,1.0,0.666628,172,14536
1521,1,1.0,0.0,0.001381,86,19199
1522,0,1.0,0.0,0.006268999999999999,226,800
1523,1,2.0,0.0,0.083231,28,12645
1524,1,3.0,0.0,0.021965,124,1364
1525,1,3.0,0.0,0.021965,124,2400
1526,1,3.0,1.0,0.021965,194,2579
1527,1,3.0,1.0,0.021965,194,2700
1528,1,3.0,1.0,0.021965,194,2400
1529,1,3.0,0.0,0.021965,124,2700
1530,1,3.0,1.0,0.021965,194,1700
1531,1,3.0,0.0,0.021965,124,2000
1532,1,3.0,0.0,0.021965,124,2579
1533,1,3.0,0.0,0.021965,124,2203
1534,1,3.0,0.0,0.021965,124,1700
1535,1,3.0,0.0,0.021965,124,1364
1536,1,3.0,1.0,0.021965,194,1364
1537,1,3.0,1.0,0.021965,194,2203
1538,1,3.0,1.0,0.021965,194,2000
1539,1,3.0,1.0,0.021965,194,1364
1540,0,1.0,0.0,0.002387,41,1870
1541,0,1.0,0.0,0.002387,41,1600
1542,0,1.0,0.0,0.002387,41,2807
1543,0,1.0,0.0,0.002387,41,1200
1544,0,1.0,0.0,0.002387,41,1950
1545,0,1.0,0.0,0.002387,41,3040
1546,0,1.0,0.0,0.011972,48,1000
1547,1,1.0,0.0,0.022977,125,7000
1548,1,1.0,0.0,0.003065,119,4298
1549,1,3.0,1.0,0.02025,173,2829
1550,1,4.0,0.0,0.020139,282,6015
1551,0,4.0,0.0,0.28112800000000004,188,12000
1552,0,1.0,0.0,0.002387,42,2807
1553,0,1.0,0.0,0.002387,42,1200
1554,0,1.0,0.0,0.002387,42,1600
1555,0,1.0,0.0,0.002387,42,1870
1556,0,1.0,0.0,0.002387,42,1950
1557,0,1.0,0.0,0.002387,42,3040
1558,1,1.0,0.0,0.026004000000000003,463,14536
1559,0,1.0,0.0,0.011278,124,2176
1560,1,2.0,0.0,0.043489,175,18000
1561,1,4.0,0.0,0.085551,84,20000
1562,1,3.0,1.0,0.02036,172,2829
1563,1,3.0,0.0,0.067901,105,19000
1564,0,1.0,0.0,0.052608,53,1600
1565,0,1.0,0.0,0.052608,53,1950
1566,0,1.0,0.0,0.052608,53,1200
1567,0,1.0,0.0,0.052608,53,3040
1568,0,1.0,0.0,0.052608,53,1870
1569,0,1.0,0.0,0.052608,53,2807
1570,1,1.0,0.0,0.017919,106,2203
1571,1,1.0,0.0,0.017919,106,2700
1572,1,1.0,0.0,0.017919,106,2579
1573,1,1.0,0.0,0.017919,106,1364
1574,1,1.0,0.0,0.017919,106,2400
1575,1,1.0,0.0,0.017919,106,1700
1576,1,1.0,0.0,0.017919,106,2000
1577,1,1.0,0.0,0.017919,106,1364
1578,1,4.0,0.0,0.335149,141,12000
1579,0,1.0,0.0,0.0008789999999999999,162,2600
1580,0,1.0,0.0,0.0008789999999999999,162,1697
1581,0,1.0,0.0,0.0008789999999999999,162,1500
1582,1,2.0,0.0,0.004614,169,1700
1583,1,1.0,0.0,0.021495,98,19199
1584,1,2.0,0.0,0.13627899999999998,184,12036
1585,1,1.0,0.0,0.00096,197,1364
1586,1,1.0,0.0,0.00096,197,2400
1587,1,1.0,0.0,0.00096,197,2203
1588,1,1.0,0.0,0.00096,197,1364
1589,1,1.0,0.0,0.00096,197,2700
1590,1,1.0,0.0,0.00096,197,2579
1591,1,1.0,0.0,0.00096,197,2000
1592,1,1.0,0.0,0.00096,197,1700
1593,1,3.0,1.0,0.019939,176,2829
1594,1,2.0,0.0,0.146425,409,19712
1595,1,1.0,0.0,0.087289,113,19000
1596,1,1.0,0.0,0.024971,77,2176
1597,1,1.0,0.0,0.007720999999999999,114,4400
1598,0,2.0,0.0,0.015409,64,14407
1599,1,1.0,0.0,0.072099,101,3100
1600,1,1.0,0.0,0.030549,70,1400
1601,0,1.0,0.0,0.021301,58,5000
1602,1,3.0,0.0,0.08140700000000001,169,2829
1603,1,1.0,1.0,0.01889,193,2300
1604,1,1.0,0.0,0.042288,154,13184
1605,1,2.0,0.0,0.190899,190,18000
1606,1,3.0,1.0,0.000656,197,2200
1607,1,4.0,0.0,0.085551,119,20000
1608,1,1.0,0.0,0.146425,199,21001
1609,0,1.0,0.0,0.041578,107,800
1610,1,1.0,0.0,0.8568819999999999,147,6500
1611,1,4.0,0.0,0.333328,379,12000
1612,0,3.0,0.0,5.600000000000001e-05,58,500
1613,1,1.0,1.0,0.038008,175,1364
1614,1,1.0,1.0,0.038008,175,2203
1615,1,1.0,1.0,0.038008,175,1364
1616,1,1.0,1.0,0.038008,175,1700
1617,1,1.0,1.0,0.038008,175,2400
1618,1,1.0,1.0,0.038008,175,2000
1619,1,1.0,1.0,0.038008,175,2579
1620,1,1.0,1.0,0.038008,175,2700
1621,1,2.0,0.0,0.00113,113,1700
1622,1,1.0,0.0,0.165349,106,6500
1623,1,1.0,0.0,0.042288,133,13184
1624,1,1.0,0.0,0.146425,332,21001
1625,1,3.0,0.0,0.328562,228,19000
1626,1,1.0,0.0,0.165349,155,6500
1627,1,2.0,0.0,0.689942,121,18000
1628,1,1.0,0.0,0.239495,142,7000
1629,1,3.0,0.0,0.216022,438,23500
1630,1,2.0,0.0,0.113797,98,17556
1631,1,1.0,0.0,0.01889,221,2300
1632,1,1.0,0.0,0.196111,141,4298
1633,1,3.0,0.0,0.279612,57,23500
1634,1,3.0,0.0,0.279612,58,23500
1635,1,1.0,0.0,0.328562,112,19000
1636,1,1.0,0.0,0.038008,49,2700
1637,1,1.0,0.0,0.038008,49,2203
1638,1,1.0,0.0,0.038008,49,2000
1639,1,1.0,0.0,0.038008,49,1364
1640,1,1.0,0.0,0.038008,49,2579
1641,1,1.0,0.0,0.038008,49,2400
1642,1,1.0,0.0,0.038008,49,1700
1643,1,1.0,0.0,0.038008,49,1364
1644,1,3.0,0.0,0.422184,189,23500
1645,1,3.0,0.0,0.067389,188,500
1646,1,1.0,0.0,0.01889,116,2300
1647,0,1.0,0.0,0.285667,218,7000
1648,0,1.0,0.0,0.020099,197,4500
1649,1,1.0,0.0,0.15529400000000002,113,30000
1650,1,1.0,0.0,0.634638,372,4298
1651,1,1.0,0.0,0.060566,127,7000
1652,1,3.0,0.0,0.067901,56,19000
1653,1,1.0,0.0,0.01889,68,2300
1654,1,3.0,0.0,0.056213,344,500
1655,1,4.0,0.0,0.046828,112,6015
1656,1,3.0,0.0,0.328562,53,23500
1657,1,3.0,0.0,0.091308,288,23500
1658,1,3.0,0.0,0.047038,91,2829
1659,1,1.0,0.0,0.072099,205,3100
1660,1,1.0,0.0,0.634638,227,4298
1661,0,1.0,0.0,0.037934,25,3040
1662,0,1.0,0.0,0.037934,25,1870
1663,0,1.0,0.0,0.037934,25,1200
1664,0,1.0,0.0,0.037934,25,1950
1665,0,1.0,0.0,0.037934,25,2807
1666,0,1.0,0.0,0.037934,25,1600
1667,1,1.0,0.0,0.127948,179,1500
1668,0,1.0,0.0,0.007436,98,1200
1669,0,1.0,0.0,0.007436,98,1870
1670,0,1.0,0.0,0.007436,98,1950
1671,0,1.0,0.0,0.007436,98,2807
1672,0,1.0,0.0,0.007436,98,1600
1673,0,1.0,0.0,0.007436,98,3040
1674,1,3.0,0.0,0.17117000000000002,186,23500
1675,1,1.0,0.0,0.038322,159,2300
1676,1,2.0,0.0,0.067656,273,14000
1677,0,1.0,0.0,0.037934,27,2807
1678,0,1.0,0.0,0.037934,27,1600
1679,0,1.0,0.0,0.037934,27,1870
1680,0,1.0,0.0,0.037934,27,1950
1681,0,1.0,0.0,0.037934,27,1200
1682,0,1.0,0.0,0.037934,27,3040
1683,1,1.0,0.0,0.634638,279,4298
1684,1,1.0,0.0,0.031379000000000004,153,7000
1685,1,3.0,0.0,0.095523,114,2400
1686,1,3.0,0.0,0.095523,114,1700
1687,1,3.0,0.0,0.095523,114,1364
1688,1,3.0,0.0,0.095523,114,2579
1689,1,3.0,0.0,0.095523,114,2203
1690,1,3.0,0.0,0.095523,114,2000
1691,1,3.0,0.0,0.095523,114,1364
1692,1,3.0,0.0,0.095523,114,2700
1693,1,2.0,0.0,0.165389,565,21000
1694,1,2.0,0.0,0.165389,565,6800
1695,0,1.0,1.0,0.08140399999999999,217,19000
1696,1,2.0,0.0,0.091308,300,14000
1697,1,1.0,0.0,0.01889,165,2300
1698,1,1.0,0.0,0.042288,203,13184
1699,1,1.0,0.0,0.227244,135,19000
1700,1,1.0,0.0,0.042288,182,13184
1701,1,1.0,0.0,0.146425,185,21001
1702,1,1.0,0.0,0.333328,230,16000
1703,1,1.0,0.0,0.171157,136,15100
1704,1,1.0,0.0,0.171157,66,15100
1705,1,3.0,0.0,0.047038,189,2829
1706,1,1.0,0.0,0.335149,382,23000
1707,1,3.0,0.0,0.067901,168,19000
1708,0,1.0,0.0,0.072774,118,16000
1709,1,1.0,0.0,0.056606,106,19199
1710,1,1.0,0.0,0.293313,133,7000
1711,1,2.0,0.0,0.091213,200,5500
1712,1,1.0,0.0,0.171157,129,15100
1713,0,3.0,0.0,0.067389,111,500
1714,0,2.0,0.0,0.184954,327,19000
1715,1,1.0,0.0,0.05648300000000001,139,24500
1716,1,3.0,0.0,0.15529400000000002,132,23500
1717,1,3.0,0.0,0.047038,189,2829
1718,1,2.0,0.0,0.184954,208,19000
1719,0,1.0,0.0,0.08720599999999999,143,2427
1720,1,1.0,0.0,0.000421,274,1000
1721,1,3.0,0.0,0.047038,189,2829
1722,1,1.0,0.0,0.000421,323,1000
1723,1,1.0,0.0,0.171157,157,15100
1724,1,2.0,0.0,0.351616,190,5500
1725,1,1.0,0.0,0.000421,190,1000
1726,1,1.0,0.0,0.165349,148,6500
1727,1,4.0,0.0,0.043005,123,6015
1728,0,3.0,0.0,5.600000000000001e-05,58,500
1729,0,1.0,0.0,0.037922,109,1400
1730,1,2.0,0.0,0.381436,260,6800
1731,1,2.0,0.0,0.381436,260,21000
1732,1,2.0,0.0,0.216022,92,21000
1733,1,2.0,0.0,0.216022,92,6800
1734,1,3.0,0.0,0.119073,128,1500
1735,0,1.0,0.0,0.00755,53,1400
1736,1,1.0,1.0,0.000654,189,2300
1737,0,3.0,0.0,0.044027,37,2203
1738,0,3.0,0.0,0.044027,37,2579
1739,0,3.0,0.0,0.044027,37,2400
1740,0,3.0,0.0,0.044027,37,2000
1741,0,3.0,0.0,0.044027,37,1700
1742,0,3.0,0.0,0.044027,37,2700
1743,0,3.0,0.0,0.044027,37,1364
1744,0,3.0,0.0,0.044027,37,1364
1745,1,2.0,0.0,0.024723,170,14000
1746,1,2.0,0.0,0.113797,77,17556
1747,1,2.0,0.0,0.074883,261,21000
1748,1,2.0,0.0,0.074883,261,6800
1749,1,1.0,0.0,0.037922,106,1400
1750,1,1.0,0.0,0.193047,261,30000
1751,1,1.0,0.0,0.021495,217,19199
1752,0,1.0,0.0,0.030092,503,4400
1753,0,1.0,0.0,0.02583,452,4400
1754,1,1.0,0.0,0.165389,575,30000
1755,1,1.0,0.0,0.010255,89,1252
1756,0,2.0,0.0,0.001704,114,14000
1757,1,3.0,0.0,0.007779,120,1500
1758,0,3.0,0.0,5.600000000000001e-05,46,500
1759,0,2.0,0.0,0.127948,182,2181
1760,0,2.0,0.0,0.127948,182,1870
1761,1,3.0,0.0,0.023298,121,1500
1762,1,2.0,0.0,0.003927,105,14000
1763,1,1.0,0.0,0.001295,127,1000
1764,1,2.0,0.0,0.227244,62,21000
1765,1,2.0,0.0,0.227244,62,6800
1766,1,1.0,0.0,0.239495,107,7000
1767,0,1.0,0.0,0.171157,213,15100
1768,1,1.0,0.0,0.171157,234,15100
1769,1,1.0,0.0,0.0236,23,5000
1770,1,1.0,1.0,0.000372,252,1252
1771,1,1.0,0.0,0.02583,201,4400
1772,1,1.0,0.0,0.335149,207,23000
1773,1,3.0,0.0,0.335149,231,23500
1774,1,1.0,1.0,0.042288,126,13184
1775,1,1.0,0.0,0.042288,105,13184
1776,1,3.0,1.0,0.024129,167,7200
1777,1,1.0,0.0,0.003579,183,8921
1778,1,3.0,0.0,0.034816,120,23500
1779,0,1.0,0.0,0.023462,41,1870
1780,0,1.0,0.0,0.023462,41,1950
1781,0,1.0,0.0,0.023462,41,1600
1782,0,1.0,0.0,0.023462,41,2807
1783,0,1.0,0.0,0.023462,41,3040
1784,0,1.0,0.0,0.023462,41,1200
1785,1,1.0,0.0,0.353393,71,19000
1786,1,1.0,0.0,0.021495,77,19199
1787,1,3.0,0.0,0.026593,193,1500
1788,1,1.0,0.0,0.17466199999999998,118,4500
1789,1,1.0,0.0,0.009714,168,1200
1790,1,1.0,0.0,0.009714,168,2807
1791,1,1.0,0.0,0.009714,168,1870
1792,1,1.0,0.0,0.009714,168,1950
1793,1,1.0,0.0,0.009714,168,1600
1794,1,1.0,0.0,0.009714,168,3040
1795,1,2.0,0.0,0.491334,281,6800
1796,1,2.0,0.0,0.491334,281,21000
1797,1,1.0,1.0,0.031379000000000004,167,7000
1798,1,1.0,0.0,0.016531999999999998,238,4400
1799,1,1.0,0.0,0.353977,152,7000
1800,1,1.0,0.0,0.353977,145,7000
1801,1,3.0,1.0,0.08110099999999999,203,1364
1802,1,3.0,1.0,0.08110099999999999,203,2000
1803,1,3.0,1.0,0.08110099999999999,203,2700
1804,1,3.0,1.0,0.08110099999999999,203,2579
1805,1,3.0,1.0,0.08110099999999999,203,2400
1806,1,3.0,1.0,0.08110099999999999,203,1700
1807,1,3.0,1.0,0.08110099999999999,203,1364
1808,1,3.0,1.0,0.08110099999999999,203,2203
1809,1,1.0,0.0,0.013451,133,6500
1810,1,3.0,0.0,0.074883,168,7200
1811,1,3.0,0.0,0.146425,195,19000
1812,1,2.0,0.0,0.026004000000000003,141,20554
1813,1,4.0,0.0,0.009231,89,6015
1814,1,1.0,0.0,0.02973,217,2427
1815,0,1.0,0.0,0.00532,74,4400
1816,1,1.0,0.0,0.037922,81,1400
1817,1,2.0,0.0,0.041195,207,14000
1818,1,1.0,0.0,0.01889,111,5000
1819,0,1.0,0.0,0.011827,64,1000
1820,0,1.0,0.0,0.000174,32,1200
1821,0,1.0,0.0,0.000174,32,3040
1822,0,1.0,0.0,0.000174,32,1600
1823,0,1.0,0.0,0.000174,32,2807
1824,0,1.0,0.0,0.000174,32,1950
1825,0,1.0,0.0,0.000174,32,1870
1826,1,1.0,0.0,0.000984,94,1252
1827,0,1.0,0.0,0.024112,163,8900
1828,1,3.0,0.0,0.012111,200,7200
1829,1,3.0,0.0,0.170464,187,19000
1830,1,1.0,0.0,0.004871,112,2300
1831,0,1.0,0.0,0.17466199999999998,41,4500
1832,1,2.0,0.0,0.130142,158,5500
1833,0,1.0,0.0,0.000174,32,1600
1834,0,1.0,0.0,0.000174,32,2807
1835,0,1.0,0.0,0.000174,32,1870
1836,0,1.0,0.0,0.000174,32,1950
1837,0,1.0,0.0,0.000174,32,3040
1838,0,1.0,0.0,0.000174,32,1200
1839,0,1.0,0.0,0.01889,90,5000
1840,1,1.0,0.0,0.190899,158,24500
1841,1,2.0,0.0,0.351616,224,5500
1842,1,1.0,0.0,0.269926,127,16800
1843,1,1.0,0.0,0.031493,127,3200
1844,1,3.0,1.0,0.021965,194,1364
1845,1,3.0,1.0,0.021965,194,1700
1846,1,3.0,1.0,0.021965,194,2400
1847,1,3.0,1.0,0.021965,194,2000
1848,1,3.0,1.0,0.021965,194,2203
1849,1,3.0,1.0,0.021965,194,2700
1850,1,3.0,1.0,0.021965,194,2579
1851,1,3.0,1.0,0.021965,194,1364
1852,1,3.0,1.0,0.021965,194,2400
1853,1,3.0,1.0,0.021965,194,1364
1854,1,3.0,1.0,0.021965,194,1700
1855,1,3.0,1.0,0.021965,194,2579
1856,1,3.0,1.0,0.021965,194,1364
1857,1,3.0,1.0,0.021965,194,2700
1858,1,3.0,1.0,0.021965,194,2203
1859,1,3.0,1.0,0.021965,194,2000
1860,1,3.0,1.0,0.021965,194,2000
1861,1,3.0,1.0,0.021965,194,2203
1862,1,3.0,1.0,0.021965,194,2400
1863,1,3.0,1.0,0.021965,194,1364
1864,1,3.0,1.0,0.021965,194,1700
1865,1,3.0,1.0,0.021965,194,1364
1866,1,3.0,1.0,0.021965,194,2579
1867,1,3.0,1.0,0.021965,194,2700
1868,1,1.0,0.0,0.183967,202,30000
1869,0,1.0,1.0,0.009916,211,4400
1870,1,1.0,0.0,0.060586,156,4298
1871,1,1.0,0.0,0.171157,332,15100
1872,1,1.0,0.0,0.000411,132,13184
1873,1,1.0,0.0,0.021495,140,19199
1874,1,1.0,0.0,0.15529400000000002,142,19199
1875,1,2.0,0.0,0.034847,365,19000
1876,1,2.0,1.0,0.030465,194,19000
1877,1,1.0,0.0,0.333328,179,13184
1878,1,2.0,0.0,0.126668,180,1700
1879,0,1.0,0.0,0.072099,81,3100
1880,1,1.0,1.0,0.328562,217,19000
1881,1,3.0,0.0,0.179598,87,1364
1882,1,3.0,0.0,0.179598,87,2000
1883,1,3.0,0.0,0.179598,87,2203
1884,1,3.0,0.0,0.179598,87,2700
1885,1,3.0,0.0,0.179598,87,2579
1886,1,3.0,0.0,0.179598,87,1364
1887,1,3.0,0.0,0.179598,87,2400
1888,1,3.0,0.0,0.179598,87,1700
1889,1,2.0,0.0,0.002287,4,19712
1890,0,2.0,0.0,0.333328,285,19712
1891,1,1.0,0.0,0.002393,180,4298
1892,1,1.0,0.0,0.175406,169,30000
1893,0,3.0,0.0,0.063577,368,2829
1894,1,2.0,0.0,0.01889,184,14000
1895,0,3.0,0.0,0.009752,87,500
1896,1,1.0,0.0,0.005581,128,18325
1897,1,1.0,0.0,0.002387,53,3040
1898,1,1.0,0.0,0.002387,53,1600
1899,1,1.0,0.0,0.002387,53,2807
1900,1,1.0,0.0,0.002387,53,1950
1901,1,1.0,0.0,0.002387,53,1870
1902,1,1.0,0.0,0.002387,53,1200
1903,1,1.0,1.0,0.138536,160,13184
1904,1,2.0,0.0,0.108624,94,6800
1905,0,1.0,0.0,0.003668,166,1252
1906,1,1.0,0.0,0.001912,148,1400
1907,1,3.0,0.0,0.124282,224,10050
1908,1,2.0,0.0,0.04275,124,19712
1909,1,2.0,0.0,0.333328,215,19712
1910,1,2.0,0.0,0.333328,236,19712
1911,1,1.0,0.0,0.12475,154,13184
1912,1,3.0,0.0,0.021965,82,1364
1913,1,3.0,0.0,0.021965,82,2000
1914,1,3.0,0.0,0.021965,82,1364
1915,1,3.0,0.0,0.021965,82,1700
1916,1,3.0,0.0,0.021965,82,2400
1917,1,3.0,0.0,0.021965,82,2700
1918,1,3.0,0.0,0.021965,82,2203
1919,1,3.0,0.0,0.021965,82,2579
1920,1,3.0,0.0,0.019939,147,2829
1921,0,1.0,0.0,0.001921,186,1000
1922,1,3.0,0.0,0.146425,212,23500
1923,1,1.0,0.0,0.062421,99,7000
1924,1,1.0,0.0,0.000133,143,1400
1925,1,2.0,0.0,0.146425,423,19712
1926,1,1.0,0.0,0.5375,105,19000
1927,1,1.0,0.0,0.031379000000000004,223,7000
1928,1,3.0,0.0,0.127295,148,1364
1929,1,3.0,0.0,0.127295,148,1364
1930,1,3.0,0.0,0.127295,148,1700
1931,1,3.0,0.0,0.127295,148,2400
1932,1,3.0,0.0,0.127295,148,2579
1933,1,3.0,0.0,0.127295,148,2700
1934,1,3.0,0.0,0.127295,148,2203
1935,1,3.0,0.0,0.127295,148,2000
1936,1,1.0,0.0,0.035616,70,2427
1937,0,1.0,0.0,0.003118,92,1000
1938,1,3.0,0.0,0.193198,51,19000
1939,1,2.0,0.0,0.246509,243,21000
1940,1,2.0,0.0,0.246509,243,6800
1941,1,1.0,0.0,0.031493,92,3200
1942,1,1.0,1.0,0.035344,194,4400
1943,1,2.0,0.0,0.146425,346,19712
1944,1,2.0,0.0,0.146425,402,19712
1945,1,4.0,0.0,0.046828,119,6015
1946,0,2.0,1.0,0.666628,180,6800
1947,0,2.0,1.0,0.666628,180,21000
1948,1,2.0,0.0,0.381436,437,19712
1949,1,1.0,1.0,0.003927,153,4400
1950,1,2.0,0.0,0.333328,439,19712
1951,1,1.0,0.0,0.056325,138,3100
1952,1,1.0,0.0,0.163117,277,30000
1953,1,1.0,0.0,0.171157,181,7000
1954,1,3.0,0.0,0.012418,91,1500
1955,1,1.0,0.0,0.5375,77,19000
1956,0,1.0,0.0,0.02449,184,2404
1957,1,3.0,0.0,0.001322,180,2829
1958,1,1.0,0.0,0.047038,273,2203
1959,1,1.0,0.0,0.047038,273,2400
1960,1,1.0,0.0,0.047038,273,1364
1961,1,1.0,0.0,0.047038,273,2000
1962,1,1.0,0.0,0.047038,273,1700
1963,1,1.0,0.0,0.047038,273,2700
1964,1,1.0,0.0,0.047038,273,2579
1965,1,1.0,0.0,0.047038,273,1364
1966,1,1.0,1.0,0.003927,137,13184
1967,1,1.0,0.0,0.007436,104,3040
1968,1,1.0,0.0,0.007436,104,1600
1969,1,1.0,0.0,0.007436,104,2807
1970,1,1.0,0.0,0.007436,104,1200
1971,1,1.0,0.0,0.007436,104,1950
1972,1,1.0,0.0,0.007436,104,1870
1973,1,1.0,0.0,0.000421,232,1000
1974,1,1.0,0.0,0.285667,71,7000
1975,1,1.0,0.0,0.00532,180,4400
1976,1,1.0,0.0,0.5375,168,19000
1977,1,1.0,0.0,0.634638,356,4298
1978,1,3.0,0.0,0.179598,73,2579
1979,1,3.0,0.0,0.179598,73,1364
1980,1,3.0,0.0,0.179598,73,2203
1981,1,3.0,0.0,0.179598,73,2700
1982,1,3.0,0.0,0.179598,73,2000
1983,1,3.0,0.0,0.179598,73,2400
1984,1,3.0,0.0,0.179598,73,1364
1985,1,3.0,0.0,0.179598,73,1700
1986,1,2.0,0.0,0.060525,102,5500
1987,1,1.0,0.0,0.634638,356,4298
1988,1,2.0,0.0,0.381436,203,21000
1989,1,2.0,0.0,0.381436,203,6800
1990,1,1.0,1.0,1.3e-05,184,1870
1991,1,1.0,1.0,1.3e-05,184,2181
1992,0,1.0,0.0,0.001123,57,1000
1993,1,1.0,0.0,0.041552,239,1200
1994,1,1.0,0.0,0.041552,239,1950
1995,1,1.0,0.0,0.041552,239,1600
1996,1,1.0,0.0,0.041552,239,2807
1997,1,1.0,0.0,0.041552,239,1870
1998,1,1.0,0.0,0.041552,239,3040
1999,1,2.0,1.0,0.030465,251,19712
2000,1,3.0,0.0,0.031633999999999995,244,2200
2001,0,1.0,0.0,0.000477,297,1000
2002,1,3.0,0.0,0.000228,163,500
2003,1,1.0,0.0,0.279612,148,15100
2004,1,1.0,0.0,0.002378,126,4400
2005,1,1.0,0.0,0.037922,39,1400
2006,1,3.0,0.0,0.08140700000000001,172,2829
2007,1,2.0,0.0,0.018322,64,5500
2008,1,2.0,0.0,0.15529400000000002,46,19712
2009,1,1.0,0.0,0.035616,154,2427
2010,1,1.0,1.0,0.171157,185,15100
2011,1,1.0,1.0,0.171157,206,15100
2012,1,1.0,0.0,0.279612,246,15100
2013,1,4.0,0.0,0.153793,159,12000
2014,1,1.0,0.0,0.035616,161,2427
2015,0,2.0,0.0,0.00113,169,1700
2016,1,2.0,0.0,0.002287,279,19712
2017,0,3.0,0.0,0.047038,109,2829
2018,1,3.0,0.0,0.022246,173,2829
2019,1,2.0,0.0,0.06107000000000001,141,2460
2020,1,3.0,0.0,0.026593,52,1500
2021,1,3.0,0.0,0.019939,154,2829
2022,1,3.0,0.0,0.224622,137,7200
2023,1,1.0,0.0,0.001059,280,12500
2024,1,1.0,0.0,0.082637,218,19000
2025,0,2.0,0.0,0.146425,269,19712
2026,1,1.0,0.0,0.000421,197,1000
2027,1,2.0,0.0,0.227244,118,6800
2028,1,2.0,0.0,0.227244,118,21000
2029,1,1.0,0.0,0.003927,91,19199
2030,1,3.0,0.0,0.224622,116,7200
2031,0,1.0,0.0,0.009714,149,1950
2032,0,1.0,0.0,0.009714,149,2807
2033,0,1.0,0.0,0.009714,149,1200
2034,0,1.0,0.0,0.009714,149,3040
2035,0,1.0,0.0,0.009714,149,1870
2036,0,1.0,0.0,0.009714,149,1600
2037,1,2.0,0.0,0.015279,85,14770
2038,1,2.0,0.0,0.005102000000000001,123,1700
2039,1,2.0,0.0,0.00113,141,1700
2040,1,2.0,0.0,0.17117000000000002,173,20554
2041,1,1.0,0.0,0.000133,143,1400
2042,1,2.0,0.0,0.146425,274,21000
2043,1,2.0,0.0,0.146425,274,6800
2044,1,1.0,0.0,0.042044,161,7000
2045,1,3.0,0.0,0.059635,269,2829
2046,1,3.0,0.0,5.600000000000001e-05,148,500
2047,1,3.0,0.0,0.027967,139,2829
2048,1,3.0,0.0,0.059635,198,2829
2049,1,1.0,0.0,0.153193,147,7000
2050,1,1.0,0.0,0.05974400000000001,70,1252
2051,1,1.0,0.0,0.220074,312,72352
2052,1,1.0,0.0,0.056325,145,3100
2053,1,2.0,0.0,0.295,148,5500
2054,1,1.0,0.0,0.5375,84,19000
2055,1,2.0,0.0,0.005102000000000001,32,1700
2056,0,1.0,0.0,0.0001,112,800
2057,1,1.0,1.0,0.153193,175,7000
2058,1,2.0,0.0,0.328562,70,20554
2059,1,4.0,0.0,0.003614,140,6015
2060,1,1.0,0.0,0.127948,208,22000
2061,1,3.0,0.0,0.08110099999999999,91,2400
2062,1,3.0,0.0,0.08110099999999999,91,2203
2063,1,3.0,0.0,0.08110099999999999,91,1364
2064,1,3.0,0.0,0.08110099999999999,91,2000
2065,1,3.0,0.0,0.08110099999999999,91,1364
2066,1,3.0,0.0,0.08110099999999999,91,2700
2067,1,3.0,0.0,0.08110099999999999,91,2579
2068,1,3.0,0.0,0.08110099999999999,91,1700
2069,1,1.0,0.0,0.056325,61,3100
2070,1,2.0,0.0,0.015868,295,21000
2071,1,2.0,0.0,0.015868,295,6800
2072,1,1.0,0.0,0.024374,170,9275
2073,1,1.0,0.0,0.146425,208,19199
2074,1,1.0,0.0,0.003412,161,1400
2075,0,1.0,0.0,0.041578,107,800
2076,1,2.0,0.0,0.06867100000000001,133,19712
2077,1,1.0,0.0,0.666628,374,19000
2078,1,2.0,0.0,0.005102000000000001,95,1700
2079,1,1.0,0.0,0.00441,75,5000
2080,1,2.0,0.0,0.083231,203,12645
2081,0,1.0,1.0,0.041578,212,800
2082,1,1.0,0.0,0.002378,182,4400
2083,1,1.0,0.0,0.036592,137,1000
2084,1,3.0,0.0,0.082147,155,2400
2085,1,3.0,0.0,0.082147,155,1364
2086,1,3.0,0.0,0.082147,155,2579
2087,1,3.0,0.0,0.082147,155,2700
2088,1,3.0,0.0,0.082147,155,2000
2089,1,3.0,0.0,0.082147,155,1364
2090,1,3.0,0.0,0.082147,155,1700
2091,1,3.0,0.0,0.082147,155,2203
2092,1,2.0,0.0,0.016965,159,2460
2093,1,2.0,0.0,0.005102000000000001,116,1700
2094,1,1.0,0.0,0.279612,162,15100
2095,1,1.0,0.0,0.061704,257,1000
2096,1,2.0,0.0,0.165389,602,20554
2097,1,2.0,0.0,0.00922,147,1700
2098,1,2.0,0.0,0.021965,103,1700
2099,1,1.0,0.0,0.05648300000000001,90,24500
2100,1,3.0,0.0,0.001507,246,7200
2101,1,2.0,0.0,0.000107,19,1700
2102,0,1.0,0.0,0.072099,83,3100
2103,1,1.0,0.0,0.285667,134,7000
2104,0,2.0,0.0,0.000107,57,1700
2105,0,1.0,0.0,0.052608,51,3040
2106,0,1.0,0.0,0.052608,51,2807
2107,0,1.0,0.0,0.052608,51,1870
2108,0,1.0,0.0,0.052608,51,1950
2109,0,1.0,0.0,0.052608,51,1600
2110,0,1.0,0.0,0.052608,51,1200
2111,0,1.0,0.0,0.002387,39,1200
2112,0,1.0,0.0,0.002387,39,1950
2113,0,1.0,0.0,0.002387,39,1870
2114,0,1.0,0.0,0.002387,39,2807
2115,0,1.0,0.0,0.002387,39,3040
2116,0,1.0,0.0,0.002387,39,1600
2117,1,2.0,0.0,0.335149,345,19712
2118,1,1.0,0.0,0.021495,413,19199
2119,1,1.0,0.0,0.003668,191,1252
2120,1,1.0,0.0,0.01635,211,6500
2121,0,1.0,0.0,0.052608,52,1600
2122,0,1.0,0.0,0.052608,52,1870
2123,0,1.0,0.0,0.052608,52,3040
2124,0,1.0,0.0,0.052608,52,2807
2125,0,1.0,0.0,0.052608,52,1950
2126,0,1.0,0.0,0.052608,52,1200
2127,1,2.0,0.0,0.362472,62,20554
2128,1,4.0,0.0,4e-06,152,6015
2129,0,1.0,0.0,0.052608,52,1950
2130,0,1.0,0.0,0.052608,52,2807
2131,0,1.0,0.0,0.052608,52,3040
2132,0,1.0,0.0,0.052608,52,1870
2133,0,1.0,0.0,0.052608,52,1200
2134,0,1.0,0.0,0.052608,52,1600
2135,1,1.0,1.0,0.05575,200,1000
2136,1,2.0,0.0,0.016965,352,2460
2137,1,1.0,0.0,0.003668,183,1252
2138,0,1.0,0.0,0.000174,30,3040
2139,0,1.0,0.0,0.000174,30,1870
2140,0,1.0,0.0,0.000174,30,1950
2141,0,1.0,0.0,0.000174,30,1600
2142,0,1.0,0.0,0.000174,30,2807
2143,0,1.0,0.0,0.000174,30,1200
2144,1,1.0,0.0,0.01935,237,1252
2145,0,1.0,0.0,0.006652,84,2404
2146,1,3.0,0.0,0.031831,98,1500
2147,0,3.0,0.0,5.600000000000001e-05,74,500
2148,1,1.0,0.0,0.037922,39,1400
2149,0,1.0,0.0,0.01935,191,1252
2150,1,4.0,0.0,0.00029,83,6015
2151,1,1.0,1.0,0.003668,302,1252
2152,1,1.0,0.0,0.020224,141,1364
2153,1,1.0,0.0,0.020224,141,1364
2154,1,1.0,0.0,0.020224,141,1700
2155,1,1.0,0.0,0.020224,141,2400
2156,1,1.0,0.0,0.020224,141,2579
2157,1,1.0,0.0,0.020224,141,2700
2158,1,1.0,0.0,0.020224,141,2203
2159,1,1.0,0.0,0.020224,141,2000
2160,1,1.0,0.0,0.042288,98,13184
2161,1,1.0,0.0,0.003668,191,1252
2162,1,1.0,0.0,0.072099,261,3100
2163,0,1.0,0.0,0.00119,267,800
2164,1,3.0,0.0,0.098887,183,1500
2165,1,2.0,0.0,0.000107,89,1700
2166,1,1.0,0.0,0.285667,190,7000
2167,1,1.0,0.0,0.000454,106,12500
2168,0,2.0,1.0,0.14091800000000002,31,13800
2169,1,1.0,0.0,0.056606,99,19199
2170,1,2.0,0.0,0.00922,175,1700
2171,1,1.0,0.0,0.037922,214,1400
2172,1,2.0,0.0,0.216022,211,21000
2173,1,2.0,0.0,0.216022,211,6800
2174,1,1.0,0.0,0.000319,295,1000
2175,1,1.0,0.0,0.037922,39,1400
2176,1,3.0,0.0,0.041464,169,7200
2177,0,1.0,0.0,0.026953,120,6500
2178,0,1.0,0.0,0.001813,175,1000
2179,0,1.0,0.0,0.011836,152,1300
2180,1,1.0,0.0,0.171157,87,15100
2181,1,3.0,0.0,0.034816,339,23500
2182,1,1.0,0.0,0.056606,92,19199
2183,1,1.0,0.0,0.000421,246,1000
2184,1,1.0,0.0,0.037922,116,1400
2185,1,1.0,0.0,0.000421,218,1000
2186,1,2.0,0.0,0.025555,80,2460
2187,1,1.0,0.0,0.004933,238,1400
2188,0,1.0,0.0,4e-06,58,1000
2189,1,2.0,1.0,0.279612,207,20554
2190,1,1.0,0.0,0.000421,288,1000
2191,1,3.0,0.0,0.15529400000000002,286,23500
2192,1,1.0,0.0,0.010255,142,1252
2193,1,1.0,0.0,3.8e-05,182,4100
2194,1,1.0,0.0,0.031797000000000006,230,3040
2195,1,1.0,0.0,0.031797000000000006,230,1200
2196,1,1.0,0.0,0.031797000000000006,230,2807
2197,1,1.0,0.0,0.031797000000000006,230,1870
2198,1,1.0,0.0,0.031797000000000006,230,1950
2199,1,1.0,0.0,0.031797000000000006,230,1600
2200,1,3.0,0.0,0.010661,145,7200
2201,1,1.0,0.0,0.037922,326,1400
2202,1,2.0,0.0,0.216022,92,21000
2203,1,1.0,0.0,0.03841,193,1950
2204,1,1.0,0.0,0.03841,193,3040
2205,1,1.0,0.0,0.03841,193,1870
2206,1,1.0,0.0,0.03841,193,1600
2207,1,1.0,0.0,0.03841,193,2807
2208,1,1.0,0.0,0.03841,193,1200
2209,1,1.0,0.0,6.7e-05,128,1300
2210,1,2.0,0.0,0.005633,128,20554
2211,1,1.0,0.0,0.021763,163,1950
2212,1,1.0,0.0,0.021763,163,1200
2213,1,1.0,0.0,0.021763,163,3040
2214,1,1.0,0.0,0.021763,163,2807
2215,1,1.0,0.0,0.021763,163,1600
2216,1,1.0,0.0,0.021763,163,1870
2217,1,2.0,0.0,0.279612,88,6800
2218,1,2.0,0.0,0.279612,88,21000
2219,1,1.0,0.0,0.037922,186,1400
2220,1,1.0,0.0,0.000421,232,1000
2221,1,2.0,0.0,0.015868,351,21000
2222,1,2.0,0.0,0.015868,351,6800
2223,1,1.0,0.0,0.000421,225,1000
2224,1,2.0,0.0,0.000654,91,1700
2225,1,1.0,0.0,0.06467200000000001,91,12500
2226,1,1.0,0.0,0.002739,92,1000
2227,1,2.0,0.0,0.216022,162,21000
2228,1,2.0,0.0,0.362472,118,20554
2229,1,1.0,1.0,0.041552,357,3040
2230,1,1.0,1.0,0.041552,357,1600
2231,1,1.0,1.0,0.041552,357,1950
2232,1,1.0,1.0,0.041552,357,1200
2233,1,1.0,1.0,0.041552,357,2807
2234,1,1.0,1.0,0.041552,357,1870
2235,1,1.0,0.0,0.171157,241,15100
2236,1,3.0,1.0,0.041464,225,7200
2237,0,1.0,0.0,0.026953,115,6500
2238,1,1.0,0.0,0.001921,81,1300
2239,1,1.0,0.0,0.001204,191,800
2240,1,1.0,0.0,0.000656,131,2404
2241,1,2.0,0.0,0.335149,106,20554
2242,1,1.0,0.0,0.000421,211,1000
2243,1,2.0,0.0,0.170464,269,20554
2244,1,1.0,0.0,0.000421,239,1000
2245,1,1.0,0.0,0.171157,206,15100
2246,1,1.0,0.0,0.190899,200,9275
2247,1,3.0,0.0,0.012111,172,7200
2248,1,1.0,0.0,0.000421,239,1000
2249,0,1.0,0.0,0.026953,134,6500
2250,1,1.0,0.0,0.067656,105,19000
2251,1,1.0,1.0,0.01983,163,1364
2252,1,1.0,1.0,0.01983,163,2400
2253,1,1.0,1.0,0.01983,163,1700
2254,1,1.0,1.0,0.01983,163,2579
2255,1,1.0,1.0,0.01983,163,2700
2256,1,1.0,1.0,0.01983,163,2203
2257,1,1.0,1.0,0.01983,163,2000
2258,1,1.0,1.0,0.01983,163,1364
2259,1,1.0,0.0,0.000421,239,1000
2260,1,1.0,0.0,0.328562,262,19000
2261,1,1.0,0.0,0.014833,121,3702
2262,1,1.0,0.0,0.014833,121,3702
2263,1,1.0,1.0,0.000421,316,1000
2264,1,1.0,0.0,0.015030000000000003,75,800
2265,0,1.0,0.0,0.038999,141,6500
2266,1,1.0,1.0,0.002675,183,12500
2267,1,1.0,0.0,0.000421,246,1000
2268,1,1.0,1.0,0.06467200000000001,182,12500
2269,1,3.0,0.0,0.012111,186,7200
2270,0,1.0,0.0,0.127295,96,1950
2271,0,1.0,0.0,0.127295,96,1600
2272,0,1.0,0.0,0.127295,96,2807
2273,0,1.0,0.0,0.127295,96,1200
2274,0,1.0,0.0,0.127295,96,1870
2275,0,1.0,0.0,0.127295,96,3040
2276,1,1.0,0.0,0.000421,176,1000
2277,1,1.0,0.0,0.15529400000000002,319,19199
2278,1,3.0,0.0,0.002058,145,1500
2279,1,1.0,0.0,0.06467200000000001,413,12500
2280,1,1.0,0.0,0.354414,156,1950
2281,1,1.0,0.0,0.354414,156,1600
2282,1,1.0,0.0,0.354414,156,1870
2283,1,1.0,0.0,0.354414,156,3040
2284,1,1.0,0.0,0.354414,156,2807
2285,1,1.0,0.0,0.354414,156,1200
2286,1,1.0,0.0,0.02137,113,22000
2287,0,3.0,0.0,0.002462,146,7200
2288,0,1.0,0.0,0.041552,274,1600
2289,0,1.0,0.0,0.041552,274,3040
2290,0,1.0,0.0,0.041552,274,1870
2291,0,1.0,0.0,0.041552,274,2807
2292,0,1.0,0.0,0.041552,274,1200
2293,0,1.0,0.0,0.041552,274,1950
2294,1,1.0,0.0,0.000421,190,1000
2295,1,2.0,1.0,0.016965,201,2460
2296,1,1.0,0.0,4e-06,112,2362
2297,1,2.0,0.0,0.666628,86,13800
2298,1,1.0,0.0,0.000206,121,800
2299,1,1.0,1.0,0.115889,133,8000
2300,1,1.0,1.0,0.095523,207,22000
2301,1,1.0,0.0,0.171157,122,15100
2302,1,1.0,0.0,0.041552,238,1950
2303,1,1.0,0.0,0.041552,238,1600
2304,1,1.0,0.0,0.041552,238,1870
2305,1,1.0,0.0,0.041552,238,3040
2306,1,1.0,0.0,0.041552,238,2807
2307,1,1.0,0.0,0.041552,238,1200
2308,1,1.0,0.0,0.017342,101,2600
2309,1,1.0,0.0,0.017342,101,1697
2310,1,1.0,0.0,0.017342,101,1500
2311,0,1.0,0.0,0.000421,183,1000
2312,1,1.0,0.0,0.000656,110,2404
2313,1,1.0,0.0,0.08140399999999999,113,18150
2314,0,1.0,0.0,0.011836,103,1300
2315,0,1.0,0.0,0.011836,180,1300
2316,1,1.0,0.0,0.333328,303,16000
2317,1,1.0,0.0,0.095523,432,22000
2318,0,1.0,0.0,0.116266,149,3000
2319,0,1.0,0.0,0.000923,76,3702
2320,1,2.0,0.0,0.015868,463,6800
2321,1,2.0,0.0,0.015868,463,21000
2322,1,2.0,0.0,0.328562,315,20554
2323,1,1.0,0.0,0.0,65,1950
2324,1,1.0,0.0,0.0,65,1200
2325,1,1.0,0.0,0.0,65,3040
2326,1,1.0,0.0,0.0,65,1870
2327,1,1.0,0.0,0.0,65,1600
2328,1,1.0,0.0,0.0,65,2807
2329,1,1.0,0.0,0.08140399999999999,148,18150
2330,1,1.0,1.0,0.171157,192,15100
2331,0,1.0,0.0,0.010069,72,1300
2332,1,1.0,1.0,0.171157,199,15100
2333,1,1.0,0.0,0.021657,197,1600
2334,1,1.0,0.0,0.021657,197,2807
2335,1,1.0,0.0,0.021657,197,1870
2336,1,1.0,0.0,0.021657,197,3040
2337,1,1.0,0.0,0.021657,197,1200
2338,1,1.0,0.0,0.021657,197,1950
2339,1,1.0,0.0,0.004933,23,3200
2340,0,1.0,0.0,0.000273,44,3702
2341,1,3.0,0.0,0.031831,98,1500
2342,1,1.0,0.0,0.030212,153,1200
2343,1,1.0,0.0,0.030212,153,3040
2344,1,1.0,0.0,0.030212,153,1870
2345,1,1.0,0.0,0.030212,153,1600
2346,1,1.0,0.0,0.030212,153,2807
2347,1,1.0,0.0,0.030212,153,1950
2348,1,3.0,1.0,0.052555999999999985,178,1500
2349,0,2.0,0.0,0.000698,193,1870
2350,0,2.0,0.0,0.000698,193,2181
2351,0,3.0,0.0,0.107692,247,1364
2352,0,3.0,0.0,0.107692,247,1364
2353,0,3.0,0.0,0.107692,247,2000
2354,0,3.0,0.0,0.107692,247,2203
2355,0,3.0,0.0,0.107692,247,2700
2356,0,3.0,0.0,0.107692,247,2579
2357,0,3.0,0.0,0.107692,247,1700
2358,0,3.0,0.0,0.107692,247,2400
2359,1,1.0,0.0,0.007932,259,18150
2360,1,1.0,0.0,0.07358300000000001,125,1950
2361,1,1.0,0.0,0.07358300000000001,125,1870
2362,1,1.0,0.0,0.07358300000000001,125,1200
2363,1,1.0,0.0,0.07358300000000001,125,2807
2364,1,1.0,0.0,0.07358300000000001,125,1600
2365,1,1.0,0.0,0.07358300000000001,125,3040
2366,1,1.0,0.0,0.001363,175,800
2367,1,2.0,0.0,0.333328,354,19000
2368,1,3.0,0.0,0.037663,197,1500
2369,1,2.0,0.0,0.170014,129,19712
2370,1,1.0,0.0,0.333328,456,15100
2371,1,1.0,0.0,0.003644,208,1400
2372,1,2.0,0.0,0.246581,203,20554
2373,1,1.0,0.0,0.015030000000000003,232,800
2374,1,1.0,0.0,0.004712,197,22000
2375,1,2.0,1.0,0.333328,312,19000
2376,1,3.0,0.0,0.000402,114,2200
2377,0,1.0,0.0,0.009231,57,3702
2378,0,3.0,0.0,0.000711,96,500
2379,1,3.0,0.0,0.094944,88,1500
2380,1,3.0,0.0,0.009178,134,1500
2381,1,1.0,0.0,0.08720599999999999,49,2427
2382,1,2.0,0.0,0.015868,281,21000
2383,1,2.0,0.0,0.015868,281,6800
2384,1,3.0,1.0,0.075975,178,1500
2385,0,1.0,0.0,0.000421,199,1000
2386,1,2.0,0.0,0.015868,113,21000
2387,1,2.0,0.0,0.015868,113,6800
2388,1,1.0,1.0,0.026004000000000003,244,14000
2389,1,3.0,0.0,0.014405,124,1500
2390,1,1.0,0.0,0.069801,113,3040
2391,1,1.0,0.0,0.069801,113,1600
2392,1,1.0,0.0,0.069801,113,1870
2393,1,1.0,0.0,0.069801,113,2807
2394,1,1.0,0.0,0.069801,113,1200
2395,1,1.0,0.0,0.069801,113,1950
2396,1,3.0,0.0,0.042483,157,1500
2397,1,2.0,0.0,0.17466199999999998,134,16000
2398,1,3.0,0.0,0.127948,187,1500
2399,1,3.0,0.0,0.159709,235,1500
2400,0,1.0,0.0,0.004933,44,3200
2401,1,1.0,0.0,0.018227,161,22000
2402,0,1.0,0.0,0.014376,125,1400
2403,1,1.0,0.0,0.354414,155,2807
2404,1,1.0,0.0,0.354414,155,1950
2405,1,1.0,0.0,0.354414,155,1200
2406,1,1.0,0.0,0.354414,155,1870
2407,1,1.0,0.0,0.354414,155,1600
2408,1,1.0,0.0,0.354414,155,3040
2409,0,1.0,0.0,0.016022,111,1300
2410,1,3.0,0.0,0.13048900000000002,114,1500
2411,1,2.0,0.0,0.00922,168,1700
2412,0,2.0,0.0,0.666628,69,13800
2413,1,1.0,0.0,0.028396,268,3000
2414,1,1.0,0.0,0.008873,215,2807
2415,1,1.0,0.0,0.008873,138,1950
2416,1,1.0,0.0,0.008873,138,1200
2417,1,1.0,0.0,0.008873,138,2807
2418,1,1.0,0.0,0.008873,215,3040
2419,1,1.0,0.0,0.008873,215,1600
2420,1,1.0,0.0,0.008873,215,1870
2421,1,1.0,0.0,0.008873,215,1200
2422,1,1.0,0.0,0.008873,138,3040
2423,1,1.0,0.0,0.008873,215,1950
2424,1,1.0,0.0,0.008873,138,1600
2425,1,1.0,0.0,0.008873,138,1870
2426,1,1.0,0.0,0.06375,123,1364
2427,1,1.0,0.0,0.06375,123,2700
2428,1,1.0,0.0,0.06375,123,1700
2429,1,1.0,0.0,0.06375,123,2000
2430,1,1.0,0.0,0.06375,123,2203
2431,1,3.0,1.0,0.056642,156,7200
2432,1,1.0,0.0,0.005736,140,1870
2433,1,1.0,0.0,0.005736,140,1600
2434,1,1.0,0.0,0.005736,140,1200
2435,1,1.0,0.0,0.005736,140,3040
2436,1,1.0,0.0,0.005736,140,1950
2437,1,1.0,0.0,0.005736,140,2807
2438,1,1.0,1.0,0.056606,187,18000
2439,0,2.0,0.0,0.008669,178,2460
2440,1,2.0,0.0,0.025555,94,2460
2441,1,1.0,1.0,0.138536,162,8000
2442,1,1.0,0.0,0.190899,387,18150
2443,1,1.0,0.0,0.014441,84,12500
2444,1,1.0,0.0,0.014478,156,2807
2445,1,1.0,0.0,0.014478,156,1870
2446,1,1.0,0.0,0.014478,156,3040
2447,1,1.0,0.0,0.014478,156,1200
2448,1,1.0,0.0,0.014478,156,1950
2449,1,1.0,0.0,0.014478,156,1600
2450,1,1.0,1.0,0.021495,175,19199
2451,1,1.0,0.0,0.01191,188,1200
2452,1,1.0,0.0,0.01191,188,3040
2453,1,1.0,0.0,0.01191,188,1600
2454,1,1.0,0.0,0.01191,188,2807
2455,1,1.0,0.0,0.01191,188,1950
2456,1,1.0,0.0,0.01191,188,1870
2457,1,1.0,0.0,0.0040950000000000005,164,1950
2458,1,1.0,0.0,0.0040950000000000005,164,1870
2459,1,1.0,0.0,0.004469,133,3040
2460,1,2.0,0.0,0.363619,91,16000
2461,1,2.0,0.0,0.015868,197,21000
2462,1,2.0,0.0,0.022662,497,20554
2463,1,1.0,0.0,0.354414,155,1950
2464,1,1.0,0.0,0.354414,155,1200
2465,1,1.0,0.0,0.354414,155,2807
2466,1,1.0,0.0,0.354414,155,1600
2467,1,1.0,0.0,0.354414,155,1870
2468,1,1.0,0.0,0.354414,155,3040
2469,1,1.0,0.0,0.007932,294,18150
2470,1,2.0,0.0,0.015868,232,21000
2471,1,2.0,0.0,0.015868,232,6800
2472,1,1.0,0.0,0.043701,229,1950
2473,1,1.0,0.0,0.043701,229,1200
2474,1,1.0,0.0,0.043701,229,2807
2475,1,1.0,0.0,0.043701,229,3040
2476,1,1.0,0.0,0.043701,229,1600
2477,1,1.0,0.0,0.043701,229,1870
2478,1,1.0,0.0,0.193198,278,14000
2479,1,1.0,0.0,0.002348,131,2807
2480,1,1.0,0.0,0.002348,131,1600
2481,1,1.0,1.0,0.138219,176,14000
2482,1,2.0,0.0,0.335149,226,16000
2483,1,1.0,0.0,0.069801,120,3040
2484,1,1.0,0.0,0.043958,121,1697
2485,1,1.0,0.0,0.043958,121,1500
2486,1,1.0,0.0,0.043958,121,2600
2487,1,1.0,0.0,0.182452,170,3000
2488,1,1.0,0.0,0.041552,315,1200
2489,1,1.0,0.0,0.041552,315,1950
2490,1,1.0,0.0,0.041552,315,1870
2491,1,1.0,0.0,0.041552,315,3040
2492,1,2.0,0.0,0.00014,91,19000
2493,1,1.0,0.0,0.193198,71,14000
2494,1,1.0,0.0,1e-06,173,18000
2495,1,1.0,1.0,0.041552,350,1870
2496,1,1.0,1.0,0.041552,350,1600
2497,1,1.0,1.0,0.041552,350,3040
2498,1,1.0,1.0,0.041552,350,2807
2499,1,1.0,1.0,0.041552,350,1200
2500,1,1.0,1.0,0.041552,350,1950
2501,1,1.0,0.0,0.021965,89,5500
2502,1,3.0,0.0,0.011655,73,19500
2503,0,1.0,0.0,0.005736,133,1200
2504,0,1.0,0.0,0.005736,133,2807
2505,0,1.0,0.0,0.005736,133,1600
2506,0,1.0,0.0,0.005736,133,1870
2507,0,1.0,0.0,0.005736,133,3040
2508,0,1.0,0.0,0.005736,133,1950
2509,1,1.0,0.0,0.026953,141,6500
2510,1,1.0,0.0,0.041552,266,1950
2511,1,1.0,0.0,0.041552,266,1200
2512,1,1.0,0.0,0.041552,266,2807
2513,1,1.0,0.0,0.041552,266,1600
2514,1,1.0,0.0,0.041552,266,3040
2515,1,1.0,0.0,0.041552,266,1870
2516,1,3.0,0.0,0.000196,94,19500
2517,1,1.0,0.0,0.041552,322,1200
2518,1,1.0,0.0,0.041552,322,2807
2519,1,1.0,0.0,0.041552,322,1600
2520,1,1.0,0.0,0.041552,322,1950
2521,1,1.0,0.0,0.041552,322,1870
2522,1,1.0,0.0,0.107692,205,5500
2523,0,1.0,0.0,0.038999,223,6500
2524,1,1.0,0.0,0.026953,141,6500
2525,1,1.0,0.0,0.041552,322,1600
2526,1,1.0,0.0,0.041552,322,3040
2527,1,1.0,0.0,0.041552,322,1200
2528,1,1.0,0.0,0.041552,322,2807
2529,1,1.0,1.0,0.041552,357,3040
2530,1,1.0,1.0,0.041552,357,1870
2531,1,1.0,1.0,0.041552,357,1200
2532,1,1.0,1.0,0.041552,357,1600
2533,1,1.0,1.0,0.041552,357,2807
2534,1,1.0,1.0,0.041552,357,1950
2535,1,1.0,0.0,0.000938,132,18000
2536,1,1.0,0.0,0.10446099999999997,155,5500
2537,1,3.0,0.0,0.159709,235,1500
2538,1,3.0,0.0,0.011393,63,19500
2539,1,1.0,1.0,0.030769,165,18000
2540,1,1.0,0.0,0.008743,127,500
2541,1,1.0,0.0,0.021495,140,19199
2542,1,1.0,0.0,0.06416799999999999,114,2807
2543,0,2.0,1.0,0.481299,121,1663
2544,1,1.0,0.0,0.013135,229,3040
2545,1,1.0,0.0,0.013135,229,1870
2546,1,1.0,0.0,0.013135,229,1600
2547,1,1.0,0.0,0.013135,229,2807
2548,1,1.0,0.0,0.013135,229,1200
2549,1,1.0,0.0,0.013135,229,1950
2550,1,2.0,0.0,0.015279,91,8000
2551,1,1.0,0.0,0.00369,253,17654
2552,1,3.0,0.0,0.146425,331,19500
2553,1,1.0,0.0,1e-06,145,18000
2554,0,1.0,0.0,0.051682000000000006,112,6500
2555,1,2.0,1.0,1.2e-05,142,5500
2556,1,1.0,0.0,0.030227,51,1870
2557,1,1.0,0.0,0.030227,51,1950
2558,1,1.0,0.0,0.030227,51,1200
2559,1,1.0,0.0,0.030227,51,1600
2560,1,1.0,0.0,0.030227,51,3040
2561,1,1.0,0.0,0.08110099999999999,162,5500
2562,0,1.0,0.0,0.000535,161,500
